Barnesiella_intestinihominis,Bifidobacterium_dentium,Bacteroides_cellulosilyticus,Eubacterium_rectale,Ruminococcus_callidus,Blautia_producta,Clostridium_leptum,Anaerostipes_hadrus,Bifidobacterium_breve,Akkermansia_muciniphila,Bacteroidales_bacterium_ph8,Coprococcus_comes,Coprococcus_sp_ART55_1,Bacteroides_salyersiae,Flavonifractor_plautii,Subdoligranulum_unclassified,Roseburia_intestinalis,Roseburia_unclassified,Bilophila_unclassified,Coprococcus_catus,Klebsiella_pneumoniae,Roseburia_inulinivorans,Ruminococcus_sp_5_1_39BFAA,Alistipes_finegoldii,Megasphaera_micronuciformis,Dorea_unclassified,Ruminococcus_lactaris,Dorea_longicatena,Eubacterium_hallii,Bacteroides_xylanisolvens,Alistipes_shahii,Ruminococcus_bromii,Ruminococcus_torques,Alistipes_indistinctus,Anaerostipes_unclassified,Ruminococcus_obeum,Clostridium_symbiosum,Alistipes_putredinis,Eubacterium_ramulus,Lachnospiraceae_bacterium_3_1_46FAA,Gordonibacter_pamelaeae,Eubacterium_ventriosum,Roseburia_hominis,Dorea_formicigenerans,Adlercreutzia_equolifaciens
-0.01421220263301303,-0.005857455178221671,-0.003744443260663588,0.968944536958466,-0.00028425597993028684,-0.004291561760487105,-0.011371702976156734,0.004439167427721119,-0.012632057788187299,-0.15278223990849996,-0.0023423867929221608,0.024574270974216345,0.0073168799196264445,-0.0015328648117292779,-0.0013692454641230326,-0.04449569341908939,0.04503330432446098,-0.002885216583364019,-0.0040829042010005895,0.0020631961851419996,0.002186024636615884,0.011154264655176232,0.1484568360417885,-0.0009098799800280032,-0.0001689379358797572,-0.0002851793199072728,-0.0016726874753046348,0.05044660421167131,0.03712406946772999,0.0013975715231383892,-0.00690645020697266,-0.06107517219819069,0.010460745006856549,-0.0017096425800326338,-0.010690400463822011,0.014562000389602961,-0.0032822978478148795,-0.03839202494907676,0.004281850960110206,0.0030068101935559147,-0.0002827073227654014,0.0035078939146919457,0.002551098835841339,0.02601433487795513,0.0008570216745685231
0.020918689557538638,-0.023797515659698676,0.008412210505572865,0.16008385281378734,-0.00023759175645110542,-0.0061195704680578195,-0.007345370751218938,0.007709695053144353,-0.011790044382394263,0.9415557210477498,0.01698406206035704,0.017040834789549517,0.0224238120259211,-0.0020492241135452826,-0.0018825663516362147,0.14573881028107966,-0.04123174005235518,-0.0036708078841283733,0.0028041396205593827,0.006093590280334037,-0.01876896977970311,-0.016285637165962763,0.05696588471513374,0.004777596352980688,-0.00026215091099002577,-0.0010412537646965713,0.01177569392829641,0.0250162086882796,0.04535819687485418,-0.0015165206666829017,0.012765130782270716,0.23098917127877053,0.02232369884684595,0.003946869232664902,-0.004028606688265202,0.011621551346010069,-0.005426296220493708,0.034396607263700474,-0.0011858407701443674,-0.00035165506068840225,0.0014730069638696705,0.0009831643836501916,0.009685428454770818,0.01134298814418724,0.007684725883487223
-0.004201169950648735,-0.0460648185411009,0.005688196538055737,-0.04780187923153441,0.00969263201538112,-0.008218538566803602,0.01082424688023731,0.00922441956877229,-0.02244600225179666,-0.25928144026257127,0.010278816920792236,0.06120461828232997,0.04357555939026221,-6.519811362658435e-05,-0.0020136012011456555,0.6755740460597001,-0.0867770139684356,-0.0009749802280722108,0.0006145245566808685,0.009657281806537528,-0.030412980778106852,-0.008660745662125184,0.3654928867505768,0.006479537942982481,-0.0003191017185423421,-0.0018620160358212832,0.02032261697362674,0.15213387772380324,0.07328412305513658,-0.003654824725393748,0.024501298998927938,0.4698613552346808,0.25504953732658164,0.0023778124840265714,0.01216406723585631,0.06457907191272869,-0.008521162277591757,0.04046892524503606,0.015610048234735,0.01681787111352285,0.00800065977865743,0.006785878504310434,0.02223194059083461,0.022232133092965563,0.004110072037501074
-0.004738020983754759,0.005872265449305296,0.02009992563608448,0.02944081273327389,-0.004288577567190595,0.002885913115357963,0.011855393456441543,-0.013494904773206542,-0.0031833438824732108,-0.12062249122002389,-0.002005199264026685,-0.0026333522136307128,0.04932701713121554,0.000925815921748718,0.00055612481640394,-0.48675907101577987,-0.024147042745891502,0.002224003094244281,4.668946572537092e-05,-0.007323057556024151,-0.005435930655168469,-0.035711126779966594,-0.0997913263549193,-0.006981699236683599,-8.52395061659512e-05,-8.555405728600431e-05,0.011796636860671922,-0.06286455019517305,0.014006450055795492,-0.0026303072333209907,-0.013458902003711927,0.8282317346321482,-0.17989903293289852,0.00017152935060794154,0.04094377390743752,0.00200207225023278,-1.1293903902091558e-05,-0.08437071597352194,-0.019625743606584048,-0.0019102904103637396,0.0038643416720877464,-0.011986448933984133,-0.013295566524702127,0.0006094490484176621,-0.0099764734677384
-0.06142957055689174,-0.005609896167422912,-0.03458959139319401,-0.16435710262389858,0.01973497523890133,0.0021850276999039464,-0.018654402509755835,0.04229329439752253,0.01749057186912037,0.07277630287305581,-0.03286526159245256,0.04435022731039645,-0.04547843538915605,0.0049392542575652405,0.0004710624614121155,-0.44063673745429893,0.014326602950735658,-0.003235837824763281,-0.008408451369020355,-0.0137494185378942,0.005207642360327184,0.06476295486947901,0.8022522691603183,-0.013238415836341845,6.274268704717801e-05,0.00019038594876135488,-0.01001095561967723,0.16028909086147203,0.08602266416498931,-0.0028516683263401753,-0.03333539500029561,-0.1086396579197941,0.17176469068438302,-0.0027409935000037894,-0.0070392940908119836,0.013930630982622823,0.00943751350572585,-0.18440164389319605,0.03149805969147181,0.005167325992998572,0.004263838074769815,-0.007362033062924984,-0.00047814475485834527,0.031615767458277655,0.004184272409289796
0.04746786643891141,-0.03141070860021139,0.01053601061800613,-0.04143078772945141,0.023663460188913594,-0.004290006623137027,-0.004569293645939929,0.011506653820559154,-0.052510083229399096,0.007397125911782765,0.008823314951868666,-0.03199915905098394,0.05401446619358835,-0.003923630076848511,-0.003369884956144445,0.09192817665348775,0.8734837266114459,-0.013529186727901652,0.004168932014229331,-0.0006310306661046561,0.017417799864819283,0.21727458861944346,0.1545499153294765,-0.0004281660891742586,0.0008687880393957403,-0.0023183526701150534,0.07370262729163729,-0.09415123378425796,-0.02528519019016104,0.007238403346630685,0.022208043159661437,0.06195579649795788,-0.27757305450779984,-0.0027022191991166924,-0.0024923024720184994,0.03750310203878058,0.002499215895226422,0.21195182700305593,0.015593749705714222,-0.00018735950611919664,-0.0071585148405356154,0.015392861568389957,0.007345629740079538,0.03175250311304247,-0.0019122219470422833
-0.09374756284353235,0.03290726736945765,-0.04335537964228475,0.012241905188430768,-0.04839617046656547,0.01756605930576871,-0.019554278685085167,0.011523436803533182,0.06553483833217413,0.03327120256520483,-0.022444264194331216,-0.024050644373928454,-0.06828408782109635,-0.004644256163699456,0.0036443517985570717,-0.05162466453089672,0.41198456003376654,0.01299226630713723,-0.011860681195032034,-0.013099016279519732,0.030297857176475408,-0.04835567196544905,-0.27882414914792797,-0.0005966981440707835,0.0004948790267842229,0.00032565960875372745,-0.027850148553397628,-0.021436542779900505,-0.03643840988148256,-0.0063224755303958975,-0.054514738306531384,0.06596291737851538,0.7310787485877362,-0.00029510256466468713,0.09401272218616041,-0.04594635716036585,0.007134167310760014,-0.4028366663160822,-0.004772033103842358,0.012843713432829354,0.017445033892151292,-0.02911977074094085,-0.01605312547214267,-0.0244116350144569,0.0008676996379049617
0.13168308531115844,-0.03741151945529775,0.031397382704471344,0.03308744329985358,-0.07003996442404267,-0.0021459210907357473,-0.005120206184792392,-0.0011254173885721086,0.045428933540068356,-0.015693192038989223,0.015015873900380783,-0.043248540961604603,-0.04026730824051361,-0.007139286276082235,0.007536322293610176,-0.2246580673490018,-0.0504557350778822,-0.003639651634122672,0.007005390542325945,-0.025369901383094067,-0.05417456077476741,-0.016488451745637588,0.043005863637910306,0.03234085209722499,-0.0005032794623479809,-0.0004589055897044846,0.006732362730541537,-0.11706476757156652,-0.22356405818855934,0.004691677857847815,0.041796012954569535,0.04399173114732041,0.4534051436563687,0.010578025892508069,0.023317237632145982,-0.046451740111694416,0.0012661001304321155,0.7940002546844259,0.001044351906975019,-0.0060083797839789,0.0004859772736363887,0.027383916257054892,-0.008211838882596134,-0.027517769967641697,0.020167683800110178
0.028724221470062223,-0.05542134950025838,0.12358917942917463,-0.03386249141427776,-0.04805715320063334,-0.006830572814558306,-0.013273745934204675,0.0027299722819031924,-0.041100501742494855,-0.021221834554414648,-0.007368516282065751,0.050068800288232906,0.03938506101085486,0.01088618889366011,-0.002604902075379445,-0.11326101379467962,0.09789816456100961,-0.010035251246735277,0.007266245355823696,0.011157760897931777,-0.05400293971405698,-0.10550901724113014,-0.1943402184822469,0.01655673234774055,-0.0005911205227624561,-0.001084185125158961,-0.037922750957373234,0.41136285811958967,0.8051483216430536,0.0033149895178345807,0.025345129224840394,-0.039899716274189666,0.06756772376273536,0.00415480322129061,-0.004709892705615695,0.06959038218237791,-0.02281739579327649,0.22591407304876115,0.06598508410238028,0.03058446245518791,0.04366133548171287,0.02294586419351218,0.020091019330618454,0.07348035796313694,0.01689887675368925
-0.014522128738191488,0.015676643487635224,-0.15342546397077034,-0.011265307588575725,-0.0788265237654378,-0.007011485690847488,-0.05055937257742926,0.011549709060894406,-0.031406207202413744,0.014883623767905176,-0.010078321963306353,0.155376545619702,-0.09818955699229785,0.030123461135216106,0.004392309435681113,-0.04600303311132481,0.09258631819208984,-0.004612419499069764,-0.02110306035309778,0.002171083828948331,0.1526337877564901,-0.1590106694320627,-0.11432433579629489,-0.018485736848530367,-0.0003032056156103379,-0.0011314782230636116,-0.0181625100889812,0.7729558548774081,-0.46950369151769883,-0.0033019901576901646,0.02807588224380753,0.024892828417828285,-0.09390287732073849,-0.0022412997442991175,-0.02072059841188853,0.10894684602757458,-0.01621677428362041,0.057796770861457056,0.07740604650694652,0.05419462165665888,-0.020083410324216875,-0.0034768541992178732,0.03917058183192269,0.049953363279696766,0.002996175688578087
0.04003174446373206,-0.04856221725903424,0.012572312088897732,0.0017151284572519826,0.052914550071279515,-0.009295165799583366,-0.0018752070409651378,-0.0010948371622164776,-0.024258307252869774,0.003152543928442421,0.008330614679401993,0.03524810782059169,-0.0167717874503876,-0.008288858773788828,-0.0031503150032125005,0.0055629122733540926,-0.04684445402315435,-0.006438477970385159,0.004133295824729655,0.002993423859610725,0.97586790947347,0.02740391923040619,0.012744752860319444,0.004547734678673567,0.00014581283319019532,-0.0007851544486916883,0.011698254113006068,-0.11505862559180823,0.11172052144021803,-0.0019260424278272298,-0.012828988940007459,0.016110956534163477,0.04081366484515942,0.00030464343584942665,-0.004471851119002645,0.055770482472632374,-0.008461889176878653,0.05588778508259642,-0.016766444934451504,-0.0002370208990976459,0.003655081282838274,-0.0022301627343913836,-0.018598292608715185,-0.014807483156869014,0.005534476509520102
-0.035797625595895874,0.002157616620842434,0.0858168576103788,-0.013379128406478008,0.15714959096168377,-0.0030557713949064674,-0.06155902193243598,0.01805403798295524,0.036144779723905965,0.0010956913009469438,0.0016788327560515737,-0.03540333670707008,0.9020645744322261,0.001587732127856678,-0.0020693104685931135,-0.04321976718613485,0.034654920007098966,-0.0069409676405065845,0.010739870816074082,-0.000283440761065179,0.0324535962951521,-0.30889412575881225,0.027647072389820684,0.00022522704767972946,-0.0007214272139252588,-0.0022496251405260286,0.13792893341446724,0.035688013437167425,-0.09795574386126472,-0.003304965398599241,0.019995680327768654,-0.07148040732778373,0.061754079472234207,0.009178033069434018,-0.03492466339434883,-0.003011681436335942,-0.014778873703018218,-0.012515454169210204,-0.04390290678987136,-0.002273542647985568,-0.008438772140343545,-0.013177906078950233,0.04044428377777792,-0.02919667197279487,-0.002483175188407148
0.07443989599066973,-0.1528504667900551,0.21031588518244976,0.0053202026292125115,-0.08588809101759388,-0.0031141501519685033,-0.0634454765070398,0.0029381583549988877,-0.01984170342364308,0.0010438981603427544,0.051503344847020266,-0.07658754469721865,0.24148514576356128,0.01838682353210655,-0.006684931722270637,-0.030408515024605648,-0.13358306496329944,-0.01619783301188521,0.010533394151402642,-0.02904506395344897,0.02257717720308655,0.8067759600015355,-0.11074397121748086,0.007892342134662384,0.0015559685694849967,0.001359709433747153,0.0385697578569859,0.2514952573238217,-0.05712928042285776,-0.008658292693204488,0.07126744153535369,0.014367229433018953,0.08071077206109911,0.00561031061298817,0.007834569660843236,-0.26393779480487667,0.04716229631070199,-0.06754625924433003,0.015532766478967706,0.03582302479885478,0.0036623279156556272,-0.023695229129709637,0.05192672931314384,-0.052859612815461754,-0.008966383380540656
0.13137035194298696,0.09096549858275851,-0.3128987589484941,-0.009228184549434304,0.020611949651134984,-0.02080608630522901,0.04023185772766425,0.044864468554506154,-0.11056607855265627,0.002415725543218561,0.014059694363594305,0.5547565452025436,0.15762189885637734,-0.013754529637698729,-0.008139649126090304,-0.06127287989355201,-0.06182397918304486,0.005620645721089557,-0.04607439198780224,0.07347872825937524,-0.08478078927774008,0.2941699463458992,-0.0948180596371097,0.017088685181816877,6.471593746270492e-05,0.008542512192189943,0.10847861407471529,-0.15366828137628807,0.025416851917606096,0.00927654600960017,-0.04515138389425703,-0.022935995286527563,0.09800641201514919,0.0014735705876823973,-0.0725626845352501,0.5673851851272314,-0.013780136072369411,-0.006858371886958112,0.17657467747229036,0.026335805278008023,0.007623126893214982,-4.861619458453196e-05,-0.009343308324186603,-0.025328390155781668,0.011018236857412359
-0.1285474933293145,0.2345331706145862,0.8462864852936021,-0.004347466118246164,-0.10485993562860817,-0.0012047287956685193,0.003009407237737822,0.019855735689738585,-0.17141569715591237,0.007048363962976312,-0.004493000169431882,0.19597873222349613,-0.11183786664254035,0.0008830045919813734,-0.005730381274902052,-0.01192711516655684,0.01562633612037545,0.004878481255220335,0.04737656573147478,0.010838904478060601,-0.0017964705039754114,-0.05887870582967031,0.016850904646409093,-0.013322133338201037,-0.0007867627276197109,0.0006257989838028277,0.10304495981276966,-0.034561229920216104,-0.13206649577546878,0.007207297243051707,0.0737371879731161,-0.01902045344421562,0.022797640268127688,-0.0026007529360962595,-0.06513874708699234,0.2529518566526511,-0.031349595298308816,-0.042767783174744306,0.05063399086178859,0.0001204729953453521,0.025327509832220672,-0.01398827200551277,0.00658992658727542,-0.05947882184398738,-0.00945656913727491
-0.10983593069071777,0.45211818916766267,0.00022060952259754518,0.009434717929790656,-0.018982573523378968,0.037794819161041576,-0.3256003467646022,-0.017844872447298606,0.6493410894722953,0.006618187668614606,-0.032719593026510146,-0.24889640128961651,0.019545910342533317,-0.0177942358307161,0.017288456000185637,0.03545953065378888,-0.020066241520669492,-0.013472787683006526,-0.027692584496875172,-0.017739584683541837,0.026522191306457513,0.16329564668666852,-0.0006113419700022327,-0.03160616689494561,0.0021729125550208894,-0.0005622842681201612,-0.08394473367650898,0.061578237025185605,0.045475511676916526,-0.024714143802895078,-0.0420746880460189,0.026893693012002354,-0.040196332516318815,-0.016572079782056204,0.007306600735397204,0.33673553181519594,0.09704499354866078,0.06513129928305103,-0.10146351308042581,-0.01150507698425276,-0.0004117212000772736,-3.0438848078583938e-05,-0.03652584764681871,-0.019011914892709897,0.034400864394833
0.0016726347863087257,-0.35095120725877615,0.13473693917582946,0.0037743037923390365,-0.0704370026592906,-0.0207886296953294,0.30070400712932577,-0.0101735404960593,0.6974069883103587,-0.002883797072297273,0.02505096100624526,0.40322576785756203,-0.03586761186629354,0.01761984330295163,0.03058103038431796,0.008583847408931774,0.04360216359956776,-0.013582311386591214,0.017587186916838592,0.026951577147020286,0.003981117768793108,-0.07889007783261652,-6.744760850246889e-06,0.010817214382964058,0.0011212578601891912,0.011130266506679146,0.13425626111040334,-0.03371540189156064,-0.007557926333025433,0.03110834100796933,0.07493018168013671,-0.0066402807099255196,-0.06009603795825157,0.0017528818222734416,-0.07923213033753057,-0.16873825405889714,0.07576320159848247,-0.031064185590662832,0.14848874936644121,0.014974257024226027,-0.0049016184783143785,-0.004697842607753317,0.03307799201462249,-0.036067908101504155,0.07280675634067202
-0.12301307300739463,0.2919073318450291,-0.009800991687073348,0.011328309387634008,0.1352060866802562,0.014917017097334305,0.8498131828904825,0.0030943914055450873,-0.0001558425406949825,0.017768975100372168,-0.04471177591625538,-0.14045084806893515,0.0845909794568916,-0.020241245337694884,0.013879903285679104,-0.005168332289786748,0.00791041291341101,0.03853056724053268,-0.009720423718550947,-0.05545419959027531,0.022631661184255997,0.11984763159860878,-0.008077851729802188,-0.030923210177993085,-0.00012952568739532655,-0.005911895633840147,-0.21991656387303016,0.11348385625562275,-0.00667225746537542,-0.0028634723854278395,-0.10771573917122093,0.004225347297141708,0.025895615554254934,0.0031777769107969047,-0.023110163030028837,0.07203651655296622,0.018384717852287534,0.062005023985565,-0.13706704515220075,0.0005270721295377056,0.005823697405923539,0.015234040001716947,0.04198814384957628,-0.05873548541537455,0.02224869523024995
0.8515321144014755,0.3224807036641281,0.05183272802682141,-0.0005391236392294297,-0.17424792200741213,0.025563213200520962,0.07547935867018053,-0.037929574127126886,0.05857586709022422,-0.012188220262761049,0.20192057510084915,-0.019439480036176154,0.013187073168395347,0.005715281879145204,-0.008364415346762388,0.00737409362297875,0.03493688537275791,0.06830743386290233,0.030799875681060712,-0.038247485388547386,0.013279311657903664,-0.11081855138256452,0.05981658455310501,0.11908507146782885,-0.001055892349486609,-0.007594263850570909,-0.013447122161714415,0.03162875453832465,0.011175358597983923,-0.032232222868988955,0.0314756444778279,-0.004944423358399862,0.002954807442536711,0.03956905915790092,-0.05019081366320014,-0.1067886690747834,0.002039028393433773,-0.1545682408153993,-0.009906540693567289,0.0015959705630412765,-0.006391700533163332,-0.029757300253806664,0.03632499729935906,0.009459724914035576,-0.035186624344630636
-0.3022312560167134,0.5167566557997716,-0.20853356715388183,0.0008657310457297757,-0.4286987284599572,0.056452548167264464,-0.016027759001414472,-0.03418733207047235,-0.07417673268233607,0.0039307711076222995,-0.026391984204574115,0.2686305188444581,0.08168021928901101,0.039941402794369,-0.0107046517833215,0.03230096338811661,0.010694526879421518,0.022223569141734373,-0.00923130058062005,-0.027376809882699867,0.06101630116323714,-0.007918452976192814,0.03816894741982199,-0.03539120215639824,-0.000486215762911274,0.005004195811978862,0.1350699039758603,-0.05432877561029903,0.09830234481721972,0.03538240693803112,0.1795281898407355,0.015517099145023088,-0.040289610631281926,-0.011097088704480056,-0.005059978227918146,-0.4452446633192635,0.0044753026699709516,0.08283449503165147,0.1263430183151592,0.0011272201717651097,-0.0146106399489525,-0.018951623739157455,0.01717896160500389,-0.15630939863424761,-0.03506242061519538
0.07311436522431373,0.05449347981560259,0.09082062284866906,0.0080762242563443,0.2014561562516046,0.049862114632607445,-0.047271583661020744,0.013450248172561172,0.027668527437222472,0.00907850180750238,-0.032121329842881824,0.195798112180369,0.058797006475359515,0.018657701441039266,0.008427432883240923,0.022842959619278402,0.003032386355080463,-0.01692131660218274,-0.02847787227568989,-0.0016551282210714169,-0.0013885184203427658,-0.008697223976547819,0.0279057212401842,-0.0024497843423753607,-0.0004143132980132247,0.006210984751156556,-0.3699197398330287,-0.0015841622462130917,-0.016817726072012408,0.00637493838030781,0.01152604279589168,-0.027949875358064875,-0.06950632868724307,-0.006148785895719763,0.8037088733856264,-0.06759771725321781,0.003931436925688848,0.02706957492003967,0.2375104294669518,0.03132239760128131,-0.023430085048231276,0.004562764508875208,-0.09981138307199325,-0.16835182446724675,-0.027890959910235748
5.5221115354772635e-05,0.24042612993179183,-0.036746932499067235,0.009554750257290877,0.6781078873538481,0.012479491629051898,-0.0022254633456813486,-0.02358148272023376,0.02538270650181822,-0.0032352271756658684,0.08749085975334978,-0.010951004101200165,-0.18863349252992345,0.080598165136965,-0.009298775632822507,-0.02892289083135439,-0.020912883988906963,0.025885841719165227,0.018860735537837448,0.004611047136072521,-0.015476459274017374,0.038171601241066166,-0.04442370187086451,0.07480540325693369,-0.0020163844351704487,-0.004992697635830262,0.48838670930994627,0.06595496963508587,0.03142759843218229,0.016481918748396055,0.2813966881875588,0.009096469202547086,0.04986066707143781,0.005330464016369309,0.06558043599130384,-0.1273478961852863,-0.01763843855969132,0.014441127565241157,0.09128967611721517,-0.02388684242655187,0.0338348606036452,-0.03801965135630023,0.24169606006739316,0.027932482640094767,0.018817806083575542
-0.003945519451547936,-0.10059147773999187,-0.04808528309197316,0.00017196945670465967,-0.3688820474877977,0.009435872990016815,0.15018377177156067,-0.02239064006339839,-0.0007643372923320547,0.0025992400058815696,0.04355431469932799,-0.115765296194356,-0.012476410305573277,-0.04503080606051044,0.011015678460469663,-0.007004096530425358,-0.0439840981171566,-0.027003151540830307,0.019120786815062844,-0.006760959310032498,0.0029964506686128572,-0.011468026532884312,0.019841392029528112,-0.013634957440988768,-0.0004528319183662137,-0.007000914788901445,0.5551019040267684,0.03214334634561389,0.01893507299989318,0.007425956346868989,-0.06303167859621028,-0.054774004174962865,-0.03373811058972991,-0.011538425048484256,0.5499258388989363,0.2006915063187238,-0.003108137546610955,-0.018063006881947473,-0.3471294714294362,-0.025149844092860137,0.026003841807805426,-0.0032232072194444492,0.13937810185772198,0.06006315162847715,0.0334226541928039
-0.05220199672830827,-0.10756865563144488,-0.06597778630508527,0.0026938216854524195,-0.2296794334084637,-0.023874328169737197,0.10386373284008674,-0.0495905822639194,-0.00475259661414781,-0.00040606097461012847,0.08579272841851021,-0.3136396903750465,0.050210662424873403,0.17987503210805394,-0.004239531967604373,-0.02483208014400165,-0.01641179614606847,-0.054605843669839615,0.04759580172051431,-0.025684712559606415,0.02751002909172795,-0.030269677449244442,0.014838163704450125,-0.024518282757109322,9.99907963689789e-06,-0.013147036752691632,-0.17615923838184655,-0.10205469442246393,-0.02227028691917793,-0.023017195945154282,0.5765002753827625,-0.007265676010766678,0.011994887327487741,0.015809583087100128,0.03917960386479223,0.2547269376291809,-0.012996253612936808,-0.07397928075698866,0.41860014742775503,-0.05816138406375102,0.013165367377690355,0.030189705824542588,0.3545815203430591,0.10785584209806875,0.016659474241378674
-0.008937670504353618,0.13394788498028296,0.0618621741721285,-0.006953429196967343,-0.03858297967619255,0.005926826438714678,0.05051909823682451,-0.023361606980933706,0.019882794270529275,0.0041744489944683175,-0.16682556658096703,-0.0683577823208961,0.054915577444394535,-0.05960295472205025,0.002235906965664624,0.02066464803468111,-0.04595730317229899,0.034294897176261815,0.002960376185225183,0.003116035163652841,0.026943849326673576,0.0377961610728611,-0.024932741531280545,-0.002157818668436534,-0.002138850312336238,-0.006357061809823428,0.11922922681849812,-0.05247956720525171,-0.048394945429249825,0.006279454871222306,-0.34946789388739863,0.002875475405571197,0.0051589152317121885,-0.026239343994133333,0.07581579962365308,-0.11153891595687655,-0.01164661064298752,0.014694041235456114,0.4405522176556279,0.02631330652844454,-0.013066665979619347,0.08184569507628227,-0.05071814250819153,0.7447212044458931,0.08865092785617604
0.049516064256732745,-0.043398722334019355,-0.014743813976663474,0.01485437116835328,-0.04800019481997132,0.008517112204032146,0.023999066556978352,0.1634948714136626,-0.01732021813319268,0.0003346912414002555,-0.10232685897402759,-0.2783161649423196,-0.03752047430889094,-0.08427404012156481,0.017719518741502682,0.02036191776674307,-0.014109459756542597,-0.10448541854846005,-0.012509954188835548,-0.24957908948898763,0.0013062345250674234,-0.04881238998443843,0.005126223058079971,0.06589526022280935,-0.0007467611143161523,-0.03429652150960927,0.2439025521896754,0.03602960369977132,0.021366872803628992,0.0776606659767325,-0.3770124376736604,0.014437734250953238,-0.03225963928098703,-0.04694637510007629,-0.060132807776333445,0.055924713147435634,-0.00970078354971735,-0.0026808320228578,0.5121645361630934,0.04422317612995985,0.00790591573937916,-0.06749677001273152,0.057786919192347866,-0.5367906759608382,0.0806319872214263
-0.04958640892111228,0.01951341407043718,-0.018993738454938285,0.000587567977917168,-0.010949721161442036,-0.0029701046047823226,0.031620293028209796,0.7291937838662176,0.023462308775915194,-0.0061515288622964095,0.25203860254764143,-0.048921609336589345,-0.007856730700302655,-0.019420611523730508,-0.002812344882789225,-0.0016398495648260458,-0.01724260284792232,0.06826687061099057,-0.014751547740094323,-0.15711598744506935,0.0015639393637160992,-0.012868316800510149,-0.019854787602647007,0.03618889437216147,-0.0007721333239972816,-0.0191971510079606,0.04505357407975946,-0.02900340668119955,0.001308281706463535,-0.05982506552665559,0.18810167405728156,-0.0003457617071997987,-0.01668068452227201,0.018413173005374272,0.018955463576460926,-0.002431464602853683,-0.03242721870944772,-0.01646724771796586,-0.028986640537229373,0.4291940736751964,-0.004843647823142226,0.24196597413285587,-0.2583531111700286,0.09604197328635217,0.03409329749004165
0.003907256604112945,0.04164394789448863,0.0251043401226927,-0.0019124825011630933,-0.027366984858786764,-0.01210438307036909,-0.05668708138364403,0.368682718941756,0.02650183501715907,-0.005784038132067222,-0.009497776072074925,0.02335850308468746,-0.0158366764723635,-0.07404299963296072,-0.003819117422845098,-0.004986239613768624,0.004190498794016437,-0.0477896778435147,-0.083726201210748,0.5563692654100943,0.010659935035300019,-0.01211595044381246,-0.002032719351371868,-0.027514144517031283,-0.0015369486590768172,0.050510149714559804,-0.1273135219289407,-0.041452826454014685,-0.006102157866320328,-0.004942315624946292,-0.23981561450986516,0.010779669758713722,-0.011473545418189846,0.018098051433271006,-0.0028784502411893925,-0.08966910990036137,0.0006843399978852804,0.0321458195941207,-0.036721818374354676,0.10352414550615818,0.08993244517743179,0.0001924583429225024,0.630649671046286,-0.027162738623568314,-0.15567376627850177
-0.053357243348139086,0.014142924294400679,0.006824185374430997,-0.007090803095586649,0.02401006869329827,0.003379531677280362,-0.11992833282358785,-0.14590410985047314,-0.032720765777539615,-0.004298456123560444,0.13161116730793418,0.17960334454892896,0.0025467458391723874,-0.13118681523355963,0.019481354703359835,-0.0016239508240468575,0.012751127508467366,-0.0280898430220177,0.06361406919582566,-0.45432660080741377,-0.004884697889332643,-0.00038065462003977757,-0.00017886106393524837,0.07860941903429682,0.0002170017033939764,0.009929574754800802,-0.17112667820826943,-0.049585799983283704,-0.008229880690286587,-0.13189775794380554,-0.1332763695216338,0.001028031175603794,-0.017842893489001727,0.052739662431296144,-0.003924384982078949,-0.0447407762455907,-0.07952759247540657,-0.009018437624656053,-0.14737715647196592,0.13749545330766494,0.06699617657623294,0.270123784908708,0.45676515539979223,0.021090407310420896,0.5186170233374
-0.04125541584307009,0.02856231158770995,-0.002149950788942527,-0.0013372107203170613,-0.017463577294912137,-0.10878073787120177,0.03424464047748321,-0.2628861158043182,-0.031033330952527097,-0.0024566279882605006,0.30308498260399286,-0.14393668675481655,0.005418215986438123,-0.08328639895421143,-0.024645387074788534,-0.018631430671906646,0.004768637828371024,0.06861330586941403,-0.07286847879004182,0.5759229335222659,0.0003297783783056604,-0.0011757463741439017,0.02376868636091793,-0.015701559852953267,-0.005228309825013346,0.03574052109800851,0.06094498000595994,0.029830169709771703,-0.00885970675000236,-0.0218945530163736,0.000710091650664782,0.0006062273219207132,0.006035858113302844,0.04714531435347,0.0062263853869170965,-0.009296159457790942,-0.10940573750980795,-0.022222201153760397,0.1258147629901936,0.16217296793687058,-0.03748543490039941,0.20709299906454282,-0.24526604555293652,-0.16097123602622032,0.5071910069966812
0.12199400811041067,0.03406958073411956,-0.001599570658345692,0.002528861045255057,-0.032101046063920474,-0.21947005650902196,0.00591037876327441,0.12370463253014374,-0.0037479757524863933,0.0015392284769149486,-0.6882441665922626,-0.005259777494699247,0.005090819681429548,0.3173328602905694,-0.012473010413740104,0.007735563474354085,-0.0013777612468330869,-0.08226879408298418,0.005726164849990487,0.11916404020172838,0.0011880723681420707,0.01396132448821491,-0.002374521561398224,0.3786595834171227,0.00016915928423567872,0.009700437804789939,0.011850554767925209,-0.010402476753517215,-0.012037113702393992,-0.05636341768261192,0.14596092490031087,0.006392418332970384,-0.011649389146313166,-0.12315120758069262,0.00669370215723223,-0.020751836565098908,-0.07379368693324932,-0.032769520848399805,-0.12744257170418125,0.07273098595858932,0.07683460943335971,0.08004746383128611,-0.045043989140534625,-0.04454248177529395,0.308215250309544
-0.004929189889256763,-0.07497786853269311,0.014176606403856658,0.002859681835990894,-0.012151300409197097,0.9310794302824821,0.012212488042653239,-0.012982250645247388,-0.021171717593795353,0.0025563799726454704,-0.06926487061814612,-0.014880720130321207,0.005776317005072865,0.091012734320653,0.011661755595418138,0.0017416451822611133,-0.0033347594589311002,0.06992528617347402,-0.17204476431542293,0.08924933761819537,0.006005821537306889,0.00037030167661274366,0.004141521804436698,0.2173797767142538,-0.002078872639593099,0.0027733405927216825,0.01337017460095459,0.0015172447833526302,-0.009760412374917381,-0.02234860173032536,0.024249885094355446,0.0018540465949423261,-0.008803187175208442,-0.03754342913862682,-0.045023037292374474,0.03310307439438147,0.011998716661546949,-0.0034702270049278283,-0.0064633246589241855,-0.0009357431685479006,0.04724724427535901,0.08701825627832326,-0.014940751709292543,-0.007402452751745725,0.08244929399167117
0.12410658464685226,-0.004557957342632923,-0.01106903967800997,0.004463482545752934,0.01779176158643836,0.16426360542280283,-0.014754658691132114,0.22454435606740134,-0.010233317006148795,-0.005330230800847539,-0.1780057816831055,0.012179565631003324,-0.007131784996669239,-0.022744243576598627,0.024942916244260163,0.0078046608065989315,-0.0017085930975091201,0.16574948914639648,0.21353519534085558,0.021877608539033866,-0.00684362603156799,0.006602039855545083,-0.010805616008360101,-0.62288404483492,-0.002992043588837784,0.031602715112479196,-0.0030665013179840828,-0.006983784319531755,0.01666243694579092,-0.11649439432688274,0.08102733204261788,0.0031683256586828717,0.0038384976387224046,-0.11637562496963468,-0.005294548787006539,-0.019721065079789546,-0.13801115796991723,0.015095280093405605,-0.026917350189446743,-0.06798050566577782,-0.11213077769682755,-0.41483206140676654,0.013626741102464285,0.005587380188286334,0.4081343083068436
0.09850435705500468,0.007165706743892747,-0.032044086341198944,0.0037285893436059953,0.03956845301937445,0.14506596336245303,0.013439095445067911,-0.18372842223758223,0.014552678204785341,0.005900868589668262,-0.2874598584886789,-0.013331257804449784,-0.01198566603047287,-0.20460953827269324,-0.07917207101256876,-0.0062514248785803875,-0.004300213790957734,-0.19963129444286803,0.5182595384310283,0.07617754482700706,-0.003201319592475521,0.0014697968524207405,0.0002753705148230978,-0.3009565798158638,-0.0020941571163581793,-0.033647194405994826,0.06826054431696407,0.004680404098929364,-0.004149308244565553,-0.07643422805613678,0.0770223136362253,0.0009197330067327036,0.019168198726511487,0.05921839293125711,-0.02307788191895567,0.007186493589057319,0.03164339113105871,-0.027706213791180725,0.018975652751739847,0.3045431054675881,0.05433740615918729,0.4541532598353408,-0.01819558243908148,-0.08907876287587858,-0.24902180602211285
0.08825398172376415,-0.021317073089394185,0.049093680300790456,0.001235714530814211,0.012022041536531386,-0.06777425097712211,-0.0099703256035851,-0.10983622775077216,0.021948028029810933,0.005039334314401692,-0.09601734715605081,-0.006348566491198707,-0.010131800213717929,0.427633017561786,-0.009217335177666333,0.004674794037606685,-0.00040267703900835963,0.20887967614375164,-0.5340768564035008,-0.10787166649577976,-0.0008249399452723155,-0.003969344502493893,-0.00026742646242117196,-0.44819799945517125,0.001771387261780638,-0.002396096223525268,0.08210238873577184,-0.018711791641834286,0.016829020784083326,-0.10276442594860907,-0.08933174197001015,0.0006098806537102319,0.013868486964492333,-0.03782794015927338,-0.01618164244915994,-0.007471184287495408,-0.11636313277863064,-0.002584401722549763,-0.005124770088031361,0.09009054312491127,-0.12768724218086516,0.3748625041731704,0.07563248365480847,-0.07529830686647215,-0.142911453732114
0.012533503708989436,0.009365610831071423,0.016841849260689483,-0.001738298506157386,0.00704039089143256,0.02960020892688335,0.03423498312111587,-0.21946271208967044,0.006434481193107463,0.002877395072293695,-0.053283777961837524,-0.013287267034278885,-0.009375632905947194,-0.13786216988173738,-0.035355528728541474,-0.001400405405654651,-0.0034888985573320033,-0.4263983024097066,-0.3398951375305581,-0.04381823858214139,-0.008770207054169366,-0.015443153971997334,0.011637461445161805,-0.006619786130690093,0.0047666026796392424,-0.026928889728400164,0.0020949711271919568,-0.04713494652507416,0.0076466952679310335,-0.1413585037936036,0.08713084371870584,-0.009364635294606974,0.000896876338093502,-0.011773298984827284,-0.01732021254243203,0.003231739721949012,-0.1228554419498178,0.011249069137949,-0.029392897543628803,0.6042370448054082,-0.10446306836928228,-0.4399579130876291,0.009483173430458076,0.07545992211614733,-0.058605047625808024
0.04736995515909544,0.021615653712369665,0.004820918673941174,-0.0009730497384315417,0.0172763058145482,0.037904353791085255,-0.023238976978845624,-0.022290435004038572,-0.06336684370683399,-0.00019722422127058103,0.061212980436136426,0.007572874693161334,0.0035556847053734297,0.30512075411651096,0.0061531727619334314,0.0022505946135835536,-0.003085466003722115,-0.16706813226496248,0.05626671442884737,-0.012889590014282738,-0.0006636489763285347,-0.02355409952337488,0.0006918801945190872,-0.16399266568558019,-0.007567422147261513,-0.03845571956867516,-0.0417450723624499,-0.022104908806496053,-0.0014710492276750267,0.7647559120831875,-0.04659792091352591,0.0023354602530877844,0.01135659544543735,-0.036381014101382336,-0.00995059198332332,0.0082061315000245,0.3875177024520604,-0.005893869275882896,-0.07762047043304748,0.22723050328538913,0.01552507401290229,-0.02485744125160086,0.0329234801434069,0.05198924170584318,0.17288684590281475
-0.00693579949811613,-0.059015006815624105,-0.001808290566564872,0.002417585389442831,-0.0138683490490099,-0.0735599121091534,-0.024286233250317743,-0.15728384046341226,-0.02175702361477843,0.006725174108969163,-0.18238323418682417,-0.04251299497795227,0.006477991590639588,-0.30294150296828504,0.09709895141015545,-0.0020204806424472827,0.0006641199931091118,0.7290692012717728,-0.04635557659764656,-0.03406962433646201,0.0043236581391942405,-0.015555257497033584,0.012745630654030081,0.1021345947259015,-0.00020851293251062872,0.12595368971875945,-0.004026911406165207,-0.01395111832496208,0.00017557221094371435,0.10955068587456304,0.10925073211133732,-0.005470336851416145,-0.015079258418486972,-0.14360324172600936,0.012637287700302813,0.04438155971314589,0.24393901232462872,0.0052620941421160465,0.028618537123219684,0.3512085279390027,0.09294075959326423,-0.1078325912584733,0.08965996769326787,-0.038693730506943774,-0.0803826894657513
-0.1030045376345415,-0.015293214470711615,-0.019711726457654954,0.003063287520199423,-0.014816356504718714,0.022313050675923873,-0.008801628590851943,-0.11110441969949855,0.013435381107989836,0.0026624254389250313,0.18606466744958164,-0.006577546418954999,0.000586783347130887,0.6065715535520859,0.057742907825549805,0.004114739296365966,0.003007714799378197,0.18529026121435987,0.4297757427006895,0.020367252945797665,-0.0032985413092570803,0.004637166652756042,0.011970237977594209,0.122084926185525,0.0002676852220815651,0.11618867448483458,0.0011564074217320086,-0.026745887064097723,0.0036633973761875938,-0.26963546240751346,-0.25982543754816917,-0.0065771348077459865,-0.011941110657889914,0.15590750978724738,0.012402556685162547,0.029297238505972455,-0.0415344895506083,0.04015771049666615,0.02367078874680424,0.2969325485166548,0.014652483330841279,-0.22806807817043181,0.00988692762959828,-0.020941766108196355,-0.10081186770061289
-0.00100781805122497,-0.00537940136532091,0.01151252689599107,0.0007772562587858832,-0.006060258778632978,0.02097435991842787,-0.010708271769297006,0.05425512371609824,-0.0053387005886465,-0.0018421149670624004,-0.19663302130457952,-0.013108571290125557,-0.014222616782932145,-0.07789526556266183,0.0449075339894085,0.00032090634605990136,-0.0008946136663571169,0.0995741401824813,-0.030772157932758337,-0.0013824717282245108,0.0016477803582872997,0.007748233292484799,-0.00610189992873013,0.06674004878378377,0.0005678365561597951,0.03661675462188999,0.022002124446610448,0.0031012537408566304,0.022105665762568602,0.11487283861594877,0.039681498916778,0.003655401934721742,0.0015075698267357166,0.7940291518413468,0.007785291608207456,0.02006952619707037,0.02794628403937971,-0.0084124856651427,-0.010155279166894439,-0.010060860364894671,-0.529040793322943,-0.010103179572024112,0.04929311061171848,-0.010477750774460615,0.04572682816095261
0.022243767922429217,-0.0028221139372790454,-0.01318851506761132,0.002585418658000129,-0.007522863412029072,-0.00981763889276318,-0.00018251682957648105,0.004339261566044736,0.012735785943118012,0.0003252659447512407,-0.07224134708522487,-0.0111435121865514,0.006135268748503932,0.00748388954607071,-0.032946818012689665,0.009968284687761668,-0.001200989341514365,0.031222627926508987,-0.15098608650921724,-0.03132173951287959,0.002115693042035807,-0.001083585886893515,0.006739946035471275,-0.15932365333954707,0.0018719900240631165,-0.08820208589323553,0.009620196150523693,-0.003919546250662882,-0.031182996101070323,0.01056748726775611,0.02484653120496831,-0.0058046318528431895,-0.024632740517490426,0.524106960447674,0.007025099725431534,-0.01596016473018016,-0.04306437690148934,0.0025904194783974155,0.024242657522881877,-0.008012093159249938,0.7946149531574578,-0.10564877919260612,-0.09848668850939904,0.004202212484000323,0.0462777750277745
0.01745680766984532,0.006084896304575505,0.008750199618867579,0.0027295294881858716,0.014823484814225553,-0.030531076980918725,0.010976230674434213,0.04187475438815625,-0.11798507786551922,-0.0016248550058791458,-0.001402613000459442,0.01190433551626311,-0.008157960832065665,0.02616302825829564,0.03812486724303766,0.0036576989642959704,0.0025751613937648604,-0.1440178157370717,-0.10803264321695547,0.030297554314453627,0.001070196043607613,-0.05478910302725122,-0.006258297063990309,-0.07686343572896681,-0.01366503004697036,0.04863447329662336,0.04837580683029899,0.0010528406481251432,0.00904984949131599,-0.47536623757876584,0.004374409104591213,0.00020973045488065223,0.0021884157618489164,0.04204302446773006,-0.0005658587317884656,-0.01166053049612134,0.8270537973020308,0.006694539401914404,0.03608356782302524,-0.06126480048312179,-0.010110462719493452,0.005209965760686497,-0.029928718012889766,-0.008743445079694323,0.1219867825758896
0.030806241382405817,0.02230967383432322,-0.0032877924668182727,0.00033884752945254754,0.0076447042545871105,0.005676241566680382,0.003292734589672098,0.0025651654406746507,-0.019892492854626145,0.0006095951293097132,-0.005415489427925371,-0.0147284519820427,0.003197314997225739,-0.02757149294880025,0.7419013051211849,0.0026718350454079803,-0.001246084317839083,-0.17787927543538748,-0.029254432780319722,-0.015475882626952736,0.0018009001471403496,0.00545775461850756,0.0003525710433292806,-0.05088668679016384,-0.012092784767396558,0.6188135174732661,0.018674896905968297,0.004225969138658081,-0.00023608444951797591,0.04866228836393449,0.03963213875202423,0.001612498521873021,0.00339056376978452,0.005300841074714808,-0.01420990129965409,-0.0076740076864219645,-0.08470542674647771,-0.01370558241136939,0.004662537425545524,-0.028808720157474578,0.08351023657129025,0.06995004865197037,-0.0498683829376943,0.010176958307720696,-0.029657342679663176
0.004067866471500019,-0.004909218778760352,0.0011142417764223554,0.0001500543289198568,-0.0020311726686802296,0.011889071268657367,0.015530085276696151,0.021783935350190027,0.017978995866276774,-0.0002908891711837572,0.0010221014422535256,-0.017416287445806918,-0.002440994118845654,-0.009469795486904643,-0.6480861752706765,0.0014163917133591837,-2.1974609622343183e-05,-0.03687864202665718,-0.030799902591983827,-0.06861353598838876,0.00020026295570739136,-0.007635040656348693,-0.0007627089233865625,-0.007781653234311493,0.006157146907548455,0.752084085985945,0.007264273250194964,0.006721065260408256,-0.0046962606787678066,0.04940919384111353,-9.312552175962108e-06,0.0007015587217325259,-0.00035025338481967094,0.017245351073576387,0.005394885861446819,0.008327015511658875,0.0019458921884660807,0.0011704101963959795,0.00859546160406044,-0.03376507319463999,0.031596767865360476,-0.005218420216659858,-0.016847501259195485,0.0037623395497334844,0.0071477935017570104
0.0018764168644056997,0.00173135005160574,0.00025107952450181587,0.0002532658076699137,0.0013572536793873048,0.0020616287800634507,0.0006926558212244384,0.0015520860681819681,-0.004836620385751814,1.6369045647023506e-05,0.0014442572142697322,-0.00040725710837146486,-5.129046082844469e-05,0.001190578505421932,0.013485438177330169,-8.699213506819028e-05,-0.000801143919632312,-0.0027452028590514953,0.0024924906904290993,0.005062447864193411,-0.0001198386546365296,-0.0028566166985272354,9.38581384875431e-05,-0.003655171248416682,0.9997357719391976,0.0037035356347173004,0.0023188758221357464,0.00038045123634674466,0.00022811424854554327,-0.00011605378183406068,-0.00015626275757452818,0.0001804666859454851,0.0005072330446262985,-0.0011385803423806518,0.0004153011465540257,-0.0010007151735781303,0.012739942503990825,0.00020431162365142086,0.002158811495641094,-0.0005294144405441348,0.0002036750082315686,0.0035869578360871873,-0.0007768353751412826,0.00042458352172952685,0.006260907038268482
