Sample_Name,Barnesiella_intestinihominis,Bifidobacterium_dentium,Bacteroides_cellulosilyticus,Eubacterium_rectale,Ruminococcus_callidus,Blautia_producta,Clostridium_leptum,Anaerostipes_hadrus,Bifidobacterium_breve,Akkermansia_muciniphila,Bacteroidales_bacterium_ph8,Coprococcus_comes,Coprococcus_sp_ART55_1,Bacteroides_salyersiae,Flavonifractor_plautii,Subdoligranulum_unclassified,Roseburia_intestinalis,Roseburia_unclassified,Bilophila_unclassified,Coprococcus_catus,Klebsiella_pneumoniae,Roseburia_inulinivorans,Ruminococcus_sp_5_1_39BFAA,Alistipes_finegoldii,Megasphaera_micronuciformis,Dorea_unclassified,Ruminococcus_lactaris,Dorea_longicatena,Eubacterium_hallii,Bacteroides_xylanisolvens,Alistipes_shahii,Ruminococcus_bromii,Ruminococcus_torques,Alistipes_indistinctus,Anaerostipes_unclassified,Ruminococcus_obeum,Clostridium_symbiosum,Alistipes_putredinis,Eubacterium_ramulus,Lachnospiraceae_bacterium_3_1_46FAA,Gordonibacter_pamelaeae,Eubacterium_ventriosum,Roseburia_hominis,Dorea_formicigenerans,Adlercreutzia_equolifaciens
PRISM|7496,0.0,6.34e-05,0.0,0.0,0.0,0.0001323,0.0036694,0.0050299,0.0,0.0,0.0,0.021029,0.0,0.0,0.0010536,0.0027576,0.0,0.0076869,0.0,0.0,0.0,0.0,0.0369876,0.0,0.0,0.0,0.0,0.0,0.0131881,3.34e-05,0.0,0.104743,0.0087407,0.0,0.0,0.0125657,0.0,0.0,0.0,0.003861,0.0001587,0.0,0.0,0.0002428,0.0018626
PRISM|7506,0.0,0.0,3.4e-06,0.0001599,0.0,3.57e-05,0.0110724,0.0,0.0,3.1e-05,0.0,0.016053,0.0,0.0,0.0009576,0.0232656,0.0342084,0.0,0.0,0.0013227,0.0,0.000821,0.0118698,7.1e-06,0.0,0.0,0.0455113,0.0124028,0.0099778,0.0124769,0.0,1.89e-05,0.0094867,0.0,0.0,0.0202057,0.0,0.100038,0.0017447,0.000464,3.42e-05,5.3e-06,0.0,0.0,0.0027257
PRISM|7762,0.0,0.0,0.0,0.15767,0.0,0.0014448,0.0,0.0001733,0.0001744,0.0,0.0,0.0,0.0,0.0,0.0035305,0.0059405,0.00436,0.0074542,0.0,0.0,0.0,0.0031937,0.0,0.0,0.0,0.0,0.0,0.0529186,0.0320256,0.0,0.0,0.0,0.0046327,0.0,0.0004862,0.0089796,0.0,0.0,0.0017373,0.0031721,0.0,0.0,0.0,0.0333554,0.0071009
PRISM|7776,0.0008276,0.0,0.0,0.0818763,0.0,0.0001675,0.0004501,0.0019123,0.0,0.0,7.29e-05,0.0,0.0,0.0,1.9e-05,0.0134282,0.0017244,0.0,0.0010777,0.003404,0.0,0.0014758,0.105705,0.0,0.0,0.0,0.0,0.0248686,0.031202,0.0,0.0003178,0.0095107,0.0538544,2.65e-05,0.0,0.0118191,0.0,0.0,0.0004705,0.0025356,4.93e-05,0.0,7.58e-05,0.0060491,0.0009315
PRISM|7852,0.0068093,0.0,0.0,0.100854,0.0122874,0.0,0.0016156,0.0026944,0.0,0.0004801,0.0019745,0.0187894,0.0,0.0,0.0002251,0.0250537,0.0256898,0.0,0.0017786,0.0028281,0.231627,0.0124157,0.0335559,0.0,0.0,0.0,0.0057081,0.0138456,0.0127448,0.0004415,0.0,8.2e-05,0.0148044,2.52e-05,0.0,0.0206537,0.0,0.0051642,0.0014026,0.0030646,1.68e-05,1.22e-05,0.0001075,0.0054004,0.0027957
PRISM|7897,0.0,0.0,0.0,0.0275713,0.0,0.0,0.000269,0.001506,0.0,0.0,0.0,0.0136158,0.0,0.0,3.77e-05,0.008417,0.0039673,0.0,0.0001439,0.0019366,0.0,0.0048797,0.0205364,9.14e-05,0.0,0.0,0.0,0.0269225,0.0166213,1.61e-05,0.0,0.0,0.0047422,0.0,0.0,0.0046355,0.0,0.0,0.0033572,3.6e-06,0.0013555,0.0026265,0.0002554,0.0100275,0.0014116
PRISM|8096,0.0,0.0005202,0.0,0.282863,0.0,0.0001354,0.0,0.0015038,0.0002243,0.0,0.0,0.0319018,0.0,0.0,0.0004251,0.0082241,0.0,0.0023016,0.0,0.0,0.0,0.0,0.0448179,0.0,0.0,0.0,0.0016045,0.0137975,0.0011197,0.0,0.0,0.0,0.0375298,0.0,0.0,0.0120883,0.0002489,0.0,0.0,0.001378,0.0,0.0,0.0,0.0,0.0001397
PRISM|8101,0.0,0.0,0.0005357,3.17e-05,0.0,0.0,0.0002834,0.0001129,0.0021937,0.0043148,0.0004653,0.0,0.0,0.0,0.0007516,0.0875172,5.97e-05,0.001114,0.00083,0.0023998,0.0,0.0,0.0,0.0031509,0.0,0.0,0.0,0.0290784,0.0169741,0.0,0.0189365,0.0,0.0299909,0.0021408,0.0,0.0002535,1.25e-05,0.132721,0.0,9.23e-05,0.0006073,0.005842,0.0,0.0018348,0.0066783
PRISM|8106,0.0,0.0142823,0.0,2.75e-05,0.0,0.0054436,0.0,0.0,0.131608,0.0,0.0,0.0,0.0,0.0,0.0052294,0.0,0.0,4.54e-05,0.0,0.0,0.0,0.0,0.0,0.0,0.000397,0.0006812,0.0,0.0,0.0,0.0,0.0,0.0,0.0304928,0.0,0.0043818,2.46e-05,0.0196632,0.0,0.0,0.0,0.0,0.0,0.0,0.0,0.0
PRISM|8129,0.0021065,0.0,0.0,0.265323,0.0,0.0,0.0,0.0064245,0.0,0.0,0.0,0.0084962,0.0,0.0,0.0,0.0141071,0.0,0.0,0.0,0.0084628,0.0,0.0038496,0.138879,0.0,0.0,0.0,0.0,0.0031204,0.029215,0.0009975,0.0,0.0,0.0078672,0.0,0.0,0.0092881,0.0012503,0.0025442,0.0,0.0,0.000303,0.0,0.0,0.0230733,0.0
PRISM|8275,9.9e-06,0.0,4.8e-05,0.0013178,0.0,1.8e-06,0.000359,4.32e-05,1.52e-05,0.0015457,0.0015023,2.4e-06,0.0,0.0015556,0.0013345,0.0344836,0.0008165,0.0,0.0016863,0.0,0.000104,1.36e-05,0.0462751,0.0003143,0.0,0.0,3e-06,0.0651854,0.0008101,3.3e-06,0.0006635,0.0528114,0.0151196,0.0,0.0005996,0.0021269,3.58e-05,0.0065483,7.9e-06,0.006483,0.0002189,0.0,2.22e-05,0.0154599,0.0009136
PRISM|8441,0.0021905,0.0,0.0,0.0243805,0.0028737,0.0,0.0002732,0.0022486,0.0,0.523176,0.0,0.0156767,0.0241526,0.0,0.0,0.0278882,5.1e-05,0.0,0.0008519,0.0028189,0.0,0.0003817,0.0117226,0.0001151,0.0,0.0,0.0,0.0180089,0.0278558,0.0012295,0.001475,0.0725209,0.0159989,0.0001862,0.0,0.0179812,0.0004155,0.0038394,0.0024786,0.0004814,0.0004907,1.81e-05,0.0019951,0.0024639,0.0039105
PRISM|8444,0.0051105,0.0,0.0003095,0.0156543,0.0,0.0,0.0001772,0.0141026,0.0,0.342535,0.0080154,0.0051334,0.0,0.0,0.0004972,0.0409732,0.0012406,0.0,0.0005341,0.0,0.0,0.0007202,0.0080676,0.0003022,0.0,0.0,0.0024026,0.0052701,0.015399,0.0,0.0005329,0.112287,0.012832,0.001733,0.0,0.0207384,0.0002372,0.0108194,6.43e-05,0.0019775,0.0,0.0009628,0.0005567,0.0037483,0.0016331
PRISM|8447,0.0007551,0.0,0.0003439,0.0712522,0.0187638,0.0,0.0111541,0.0001938,0.0,0.0,0.0046352,0.0002041,0.0,0.0,3.05e-05,0.174375,0.0002078,0.0050531,4.97e-05,0.0040527,0.0,0.000538,0.0167447,9.48e-05,0.0,0.0,0.0,0.0122301,0.0336851,7.06e-05,0.0002951,0.0,0.0023341,3.46e-05,0.0,0.0140634,0.0,0.0117063,0.0008329,6.52e-05,4.61e-05,0.014859,0.0044688,0.0129616,0.0074972
PRISM|8458,0.0,0.0,0.0,0.0005281,0.0,0.0005827,0.0024375,0.0001235,0.0529206,0.0596574,0.0,0.0,0.0,0.0,0.0033997,0.0078146,0.0,0.0018468,0.0016492,0.0,0.0,0.0,0.0783418,0.0016973,0.0,0.0013196,0.0,0.0,0.0,3.62e-05,0.0,0.0,0.0985609,0.0,0.0028865,0.0071864,0.0019601,0.0237219,0.0,0.0,0.0,0.0,0.0,0.0,0.0311985
PRISM|8464,0.0,0.0,0.0,5.9e-06,0.0,0.0351559,0.0001618,0.0,0.0,0.0,0.0,0.0,0.0,0.0,0.0005663,0.0019169,0.0296096,0.0,0.0,0.0,0.0,0.0,0.0,0.0,0.0,0.0,0.0,0.0,0.0010759,0.0,0.0,0.0,0.0180792,0.0,0.0026225,2.4e-05,0.0014178,0.0,0.0,0.0,0.0,0.0,0.0,0.0,0.0
PRISM|8480,0.0148867,0.0,0.0,0.0018575,0.0,0.0,0.0,0.0,0.0,0.0,0.0,0.0,0.0,0.0,0.0,0.0134486,0.0,0.0,0.0160462,0.0,0.0,0.0,0.0,0.0,0.0,0.0,0.0,0.0,0.0,0.0,0.0002251,0.0,0.0,0.0,0.0,0.0,0.0,0.0055872,0.0,0.0,0.0,0.0,0.0,0.0,0.0
PRISM|8502,0.0,0.0461838,0.0,0.0023062,0.0,0.0,0.0,0.0,0.0,0.0,0.0,0.0,0.0,0.0,0.0,0.0,0.0,0.0,0.0,0.0,0.0,0.0,0.0,0.0,0.0,0.0,0.0,0.0,0.0,0.0,0.0,0.0,0.0,0.0,0.0003865,0.0,0.001644,0.0,0.0,0.0,0.0,0.0,0.0,0.0,0.0
PRISM|8503,0.0,9.76e-05,0.0,0.0711675,0.0,0.0,0.0066663,0.0023602,0.0003268,0.0011982,0.0037783,0.0244468,0.0,0.0,3.33e-05,0.120197,7.1e-05,0.0020511,0.0080568,0.0066707,0.0007967,0.0001699,0.0474819,0.0001988,0.0,0.0,0.008411,0.0199157,0.0267443,0.0010778,0.0151449,0.123595,0.0184567,0.0,0.0,0.0154336,0.0,0.0094328,0.0052848,0.0016801,0.0003183,0.0,0.0016207,0.0081178,0.0035315
PRISM|8511,0.0,0.0,0.0,8.6e-06,0.0,0.005787,0.0,0.0,0.0,0.0,0.0,0.0,0.0,0.0,0.0016986,0.0318423,0.0300568,0.0,0.0,0.0,0.0,0.0,0.0,0.0,0.0,0.0,0.0,0.0,0.0,0.0,0.0,0.175033,0.0718981,0.0,0.106762,2.5e-06,0.0006719,0.0,0.0,0.0031479,0.0018521,0.0,0.0,0.0,0.0
PRISM|8513,0.0,0.0,0.0250241,0.0019783,0.0,2.88e-05,0.0200236,0.0005138,0.0,0.0027424,0.0,0.0066564,0.0347918,0.0,3.4e-05,0.0733018,0.0073367,0.0052711,0.0026945,0.0024773,0.0,0.003856,0.0295655,0.0,0.0,0.0,0.0003564,0.0159408,0.0162277,0.0005117,0.0115546,0.178546,0.0299725,0.0019751,0.0,0.0088874,0.0,0.0099428,0.0019259,0.0019921,0.0,0.0025512,0.0007887,0.0086642,0.0
PRISM|8515,0.0,0.0,0.0,0.0003491,0.0,0.0008225,0.0553946,0.0022304,9.71e-05,9.54e-05,0.0002937,0.0399966,0.0,0.0,0.0001255,0.0224944,0.0,0.0,0.0005011,0.0028964,0.0,0.0003503,0.0,0.0,0.0,0.0,0.0009202,2.46e-05,4.47e-05,0.0002735,0.0,0.0001511,0.0018434,0.0,0.0,0.0002546,0.0005047,0.004441,2.2e-05,0.0,0.000673,0.0,0.0,0.0006026,0.0074325
PRISM|8605,0.0,0.0,0.0,0.0901898,0.0,0.0,0.0,0.0017747,0.0,0.0,0.0,0.0448444,0.0,0.0,0.0027102,0.0146749,0.0,0.0072344,0.0,0.0161955,0.0,0.0007049,0.0,0.0002233,0.0,0.0105989,0.0,0.0031979,0.0178058,0.0,0.0,0.0003361,0.0046436,0.0,0.0,0.0116011,0.0,0.0108008,0.0,0.0028833,0.0,0.0,0.0,0.0052991,0.0010489
PRISM|8628,0.0052517,0.0,0.0,0.0001723,0.0,3.09e-05,0.003419,0.0012267,0.0,0.0196462,0.0066167,0.0150532,0.0,0.0,0.0002225,0.168759,0.0047761,0.0,0.0,0.0035639,0.0001002,0.0022026,0.0131128,0.0007513,0.0,0.0,0.0063511,0.0099839,0.0185504,0.0,0.010344,0.139723,0.0217436,0.0008145,0.0,0.0394147,5.75e-05,0.0135094,0.0031378,0.0031577,0.0004986,0.0019847,0.0004887,0.0055878,0.002532
PRISM|8667,0.0,0.0001217,0.0,3.7e-05,0.0,0.0020835,0.0,0.0,4.06e-05,0.0,0.0,0.0,0.0,0.0,0.002751,0.0076215,0.0,9e-06,0.0,0.0,0.0,0.0,0.0,0.0001191,0.0,0.0,0.0,0.0,0.0,0.0058042,0.0,0.0,0.0018656,0.0,0.001738,2.16e-05,0.0033087,0.0,0.001297,0.0,0.0016701,0.0,0.0,0.0,0.0006296
PRISM|8692,0.0523302,0.0,0.0,0.118883,0.0,0.0,0.0044958,0.0,0.0,0.0,0.0210768,0.0162904,0.0,0.0,9.63e-05,0.0864448,0.0028782,0.0,0.002059,0.0012553,0.0002112,0.054998,0.0172418,0.0,0.0,0.0,0.0031543,0.0027916,0.0060153,0.0018446,0.0033492,0.0821498,0.0048741,0.0,0.0,0.0091096,4.79e-05,0.0679808,0.000657,0.0064732,0.0001585,0.003488,0.0067171,0.0,0.0021952
PRISM|8696,0.0,0.0002656,0.0,0.166064,0.0,0.0005179,0.0,0.0084154,0.0,0.0,0.0,0.0166961,0.0,0.0,0.004946,0.0201534,0.0437554,0.0,0.0,0.0,0.0,0.0049283,0.146237,0.0,0.0,0.0,0.0,0.0199627,0.0,0.004548,0.0,5.38e-05,0.0023862,0.0,0.0,0.0100788,0.0008187,0.0,0.0,0.0004204,0.0,0.0,0.0088455,0.0,0.0008632
PRISM|8728,0.0322175,0.0,0.0012726,0.0855786,0.0,3.48e-05,0.001339,0.0001507,3.1e-06,3.09e-05,0.0191715,0.0058138,0.0,0.0,8.78e-05,0.0383094,2.06e-05,0.0027617,0.0027407,0.0001695,0.0,0.0011148,0.0250302,0.0057598,0.0,0.0,4e-06,0.0083734,0.0088165,0.0006222,0.0084975,0.0084685,0.0136859,0.014386,0.0,0.0013023,4.96e-05,0.0184398,0.000514,0.0032648,0.00011,0.0049667,0.0,0.0036878,0.0010057
PRISM|8734,0.0,0.0,0.0146484,0.0743876,0.0,0.0005086,0.0001953,5.1e-06,1.62e-05,2.54e-05,0.0034006,0.0,0.0,0.0,0.0022531,0.0516455,0.0254019,0.0,0.0040195,0.0,0.0032338,0.0022483,0.0464299,0.0025972,0.0,0.0,0.0,0.0173871,0.0144298,0.0003024,7.1e-06,1.76e-05,0.0033371,0.0,0.00014,0.0001759,0.0003632,0.0977453,0.0003661,6.09e-05,0.0,0.0159348,0.0012325,0.0083597,0.0027286
PRISM|8735,0.0006511,0.0,2.16e-05,0.0078725,0.0,0.0001442,0.0,0.0022529,1.45e-05,7.77e-05,0.0,0.0087527,0.0,0.0,0.0,0.0598646,0.0946234,0.0,0.000466,0.0,0.0,0.0527327,0.013183,0.0,0.0014516,0.0,2.22e-05,1.17e-05,0.0101483,0.0001181,0.0026406,3.38e-05,0.0050154,0.0,0.0,0.0203683,0.001008,0.0041801,0.0,0.0014213,0.0,0.0,5.84e-05,0.0043497,0.0001879
PRISM|8778,0.0320674,0.0,0.0052602,0.0211601,0.0004786,0.0,0.0003361,0.0006367,3.3e-06,0.181461,0.0122699,0.007084,0.0,0.0,0.0005182,0.0831397,0.000608,0.0,0.0036759,0.0026119,1.64e-05,0.0063929,0.0030548,0.0065346,0.0,0.0,4.4e-06,0.0015627,0.0157119,0.0020982,0.0106354,0.0361945,0.0049114,0.0002964,0.0,0.0008931,1.1e-05,0.0983748,0.0057407,0.0014132,0.0003594,0.0046913,0.0005941,0.0030832,0.0020411
PRISM|8785,0.008608,0.0,0.13122,0.0105001,0.0,0.0,0.0009393,0.0012996,0.0001517,0.0308751,0.0,1.2e-06,0.0145936,0.0,0.0006207,0.0691337,0.0011549,0.0,0.0106039,0.0012165,0.0,0.0098404,0.0133204,0.0026379,0.0,0.0,0.0150049,0.0,0.0028971,6e-05,0.0056494,0.0289465,0.0041708,0.0001034,0.0,0.0036711,0.0001952,0.0291288,0.0,0.0008023,0.0010744,0.0,0.0009642,0.0021647,0.0022436
PRISM|8795,0.0,0.0,0.0273016,0.246926,0.0,0.0006363,0.0,0.0013353,0.0,0.0,0.0,0.0,0.0,0.0,0.0003791,0.0206297,0.0,0.0,0.0002749,0.0,0.0,0.0003312,0.0,0.0,0.0,0.0,0.0,0.015765,0.0221359,0.0070517,0.0,0.0,0.0022933,0.0,0.0,0.0007175,0.0022907,0.0553211,0.0114477,0.0,0.0002314,0.0,0.0,0.0190166,0.0
PRISM|8803,0.0,0.0,2.1e-06,0.0002321,0.0,0.0005133,0.0008291,0.0056536,0.0,3.03e-05,0.0,0.0277098,0.0,0.0,0.0050549,0.0697451,2.07e-05,5.75e-05,0.0,0.0,2.39e-05,0.0,0.0,0.001047,0.0,0.0,7.2e-06,0.058005,1.34e-05,0.0,7.1e-06,2.3e-05,0.0031307,0.0,0.0,0.050424,0.0002707,0.0389437,0.0121064,0.0,0.0002688,0.0,0.0,0.0,0.0052089
PRISM|8805,3.8e-06,0.0,1.64e-05,0.0003592,0.0,0.0025973,0.0,0.0019938,0.0,0.0001044,0.0,7e-06,0.0,0.0,0.0,0.000937,6.19e-05,0.0,0.0,0.0,2.45e-05,0.155177,0.154982,0.0001642,0.0002018,0.0012607,2.2e-06,0.0024475,2.81e-05,1.6e-06,1.8e-06,6.08e-05,0.0029379,0.0,0.0,0.0001691,0.0169716,8.56e-05,0.0,0.0,0.0,0.0,0.0,5.3e-06,4.3e-06
PRISM|8809,5.5e-06,7.23e-05,0.0,0.0001377,0.0,0.0,0.0,0.0,0.0,2.18e-05,0.0,0.0,0.0,0.0,0.0,8.58e-05,1.83e-05,9e-06,0.0,0.0,0.0316586,0.0,0.0,0.0,0.0008802,5.6e-06,0.0,2.9e-06,3.5e-06,0.0,0.0,1.79e-05,0.0038725,0.0,0.0,2.13e-05,3.41e-05,1.78e-05,0.0,0.0,0.0,0.0,0.0,0.0,0.0
PRISM|8815,9.5e-06,0.0,2e-06,0.0001301,0.0,0.0002723,0.0,0.0,0.0,9.2e-05,0.0,7e-07,0.0,0.0,0.0002639,0.0002257,8.8e-06,2.03e-05,0.0,0.0,0.0052982,1.2e-06,0.0,0.0,5.21e-05,0.0002047,3e-06,3.6e-06,4.7e-06,5e-07,0.0,2.78e-05,0.0169518,0.0,0.0005734,2.2e-05,0.0033733,5.82e-05,0.0,0.0,0.0,0.0,0.0,0.0,0.0
PRISM|8844,0.0,0.0,0.0,6.13e-05,0.0,0.0,0.0,0.0,0.0,0.0016873,0.0,0.0,0.0,0.0,0.0,0.0005427,0.0,1.16e-05,3.3e-05,0.0,0.0164439,0.0,0.0,0.0,0.0,0.0,0.0,0.0,4.4e-06,0.0,0.0,2e-06,0.0,0.0,0.0,5.99e-05,2.17e-05,9.8e-06,0.0,0.0,0.0,0.0,0.0,0.0,0.0
PRISM|8846,0.0,0.0091507,0.0,0.235228,0.0,0.0023691,0.0,0.0044063,0.0031041,1.97e-05,0.0,0.0,0.0,0.0,0.0010087,0.0252399,2.1e-05,0.0009329,6.58e-05,0.0,0.0,0.0,0.113222,0.0,0.0001196,1.6e-05,0.0,0.0,9e-07,0.0,0.0,1.46e-05,0.0040949,0.0,0.0,0.0004641,0.0024388,3.39e-05,0.0,0.0,0.0003403,0.0,0.0,0.0,0.0
PRISM|8849,0.0,0.0,1.8e-06,0.0001449,0.0,0.0,0.0,0.0,0.0006312,1.89e-05,0.0,0.0,0.0,0.0,0.0,2.72e-05,2.13e-05,0.0016205,0.0,0.0,0.0,9.6e-06,0.0,0.0,9.08e-05,8.03e-05,1.5e-06,1.11e-05,4.7e-06,0.0,0.0,1.55e-05,0.0006398,0.0,0.0,1.8e-05,0.0,2.36e-05,0.0,0.0,0.0,0.0,0.0,0.0,0.0
PRISM|8882,0.0005406,0.0,0.0,0.103362,0.0,0.0,0.0,0.0142425,0.0,0.0,0.0,0.0,0.0,0.0,0.0,0.0067355,0.0,0.0,0.0,0.0,0.0,0.057614,0.0,0.0,8.74e-05,0.0,0.0029595,0.0,0.0109464,0.0,0.0,0.0,0.0337624,0.0,0.0,0.0004265,0.0010024,0.0005024,0.0,0.0,0.0,0.0,0.0008664,0.0,0.0
PRISM|8894,0.0,0.0,0.0001723,0.0049281,0.0,0.0,0.0075681,0.0008636,0.0,0.0010677,0.0,0.012016,0.0,0.0,7.2e-05,0.0752519,0.0005074,0.0,0.0011528,0.0034471,0.0,0.0007325,0.0343313,0.0,0.0,0.0,0.0034552,0.0005315,0.0047958,1.02e-05,0.0221106,0.0,0.0109565,0.0003758,0.0,0.002902,0.0,0.0520562,0.0016242,0.0066471,3.7e-06,0.0045209,0.0007658,0.0021446,0.0011697
PRISM|8898,0.015687,0.0,0.0,0.0079846,0.0,0.0,0.0003963,1.81e-05,1.78e-05,0.0,7.94e-05,0.0,0.0,0.0,0.0005475,0.0184487,0.0,9.19e-05,0.0138339,0.0004666,0.0014684,0.0,0.0205197,0.0,0.0,0.0,0.0,0.0043498,0.0050463,4.86e-05,0.0035321,0.0,0.028356,0.0,0.0,0.0020911,0.0001634,0.0202899,0.0,9.2e-05,0.0002664,0.0046535,0.0,0.0203563,0.0002043
PRISM|8924,0.0,0.0,0.0054571,0.0014384,0.0153016,0.0,0.0930931,5.4e-05,7.3e-06,0.0463564,0.0,0.0085871,0.0054605,0.0,0.0036495,0.0525467,0.0002153,0.0,0.0054209,0.0,0.0,0.0,0.0100422,0.0,0.0,0.0,0.0,0.0011451,0.0166208,0.0,0.0,0.127967,0.0035678,0.0032629,0.0019571,0.0115425,0.0010165,0.0484615,0.002413,7.3e-06,0.0015206,0.0,0.0167558,0.0037017,0.0010551
PRISM|8932,0.0,0.0301864,0.0,2.19e-05,0.0,0.0,0.0,0.0,0.0,0.0,0.0,0.0,0.0,0.0,0.0,9.54e-05,0.0,2.92e-05,0.0,0.0,5.04e-05,0.0,0.0,0.0,0.0,0.0001574,0.0,0.0,0.0,0.0,0.0,0.0,0.0161591,0.0,0.0073915,0.0352221,0.0,0.0,0.0,0.0,0.0,0.0,0.0,0.0,0.0
PRISM|8982,0.0460482,0.0003437,0.0001512,0.0014446,0.0008746,0.0,0.0002159,9.2e-06,0.0,0.0004398,0.0071631,0.012286,0.0,0.0,3.35e-05,0.0564699,0.0004591,8.37e-05,0.0,0.0014956,0.0051434,8.79e-05,0.0083475,0.0028831,0.0,0.0,0.0,0.0,0.0008165,0.0,0.0022319,0.0,0.0424732,0.0046956,0.0,0.0202136,0.0,0.0472846,7.96e-05,0.0011242,4.5e-06,0.0005353,0.0,0.0028323,0.0005222
PRISM|8998,0.0,0.0049626,0.0,3.02e-05,0.0,0.00047,0.0,0.0006202,0.0033084,0.0,0.0,0.0057009,0.0,0.0,0.000277,0.0004405,0.0704354,0.0,0.0055641,0.0,0.0,0.0,0.0,0.0,0.0,0.0001363,0.0,0.0,0.0,0.0118606,0.0,0.0,0.028036,0.0,0.0,0.0011813,0.0140443,0.0,0.0,0.0,0.0,0.0,0.0,0.0,0.0
PRISM|9010,0.0,0.0,0.0020373,0.0666535,0.0349163,0.0,8.98e-05,0.0013867,0.0,0.001052,0.0,0.0,0.0286459,0.0,0.0003813,0.028087,0.0160691,0.0,0.0,0.0,0.0,0.0012916,0.0128467,0.0160819,0.0,0.0,0.015208,0.0022792,0.0026268,0.0,0.0,0.0583331,0.0049879,0.0,0.0,0.0087747,3.15e-05,0.0,0.0,0.0017694,0.0010552,0.0020114,0.0046173,0.0058018,0.0052141
PRISM|9018,0.0,0.0,0.0,0.120281,0.0,0.0,0.0,0.0057268,0.0,0.0001884,0.0,0.0,0.0,0.0,0.0,0.0198381,0.282635,0.0,0.0,0.0033524,0.0,0.0309484,0.0406059,0.0,0.0,0.0,0.0144882,0.0053708,0.017392,0.0,0.0,0.0,0.0066964,0.0,0.0,0.013978,0.0,0.0,0.0063922,0.0018675,0.0,0.0024749,0.0018108,0.0205214,0.0
PRISM|9030,0.0,0.0056887,0.0,6.7e-06,0.0,0.0003806,0.0,0.0,7.1e-06,0.0,0.0,0.0,0.0,0.0,0.0048279,0.0003088,0.0,6.2e-05,0.0,0.0,0.0,0.0,0.0,0.0,0.0,3.19e-05,0.0,0.0,0.0,0.0,0.0,0.0,0.0058279,0.0,0.0004334,0.0017654,0.0023127,0.0,0.0,0.0,0.0,0.0,0.0,0.0,0.0
PRISM|9033,0.0,0.0,7.38e-05,0.0627642,0.0,0.0,0.0007465,0.0,1.9e-05,3.65e-05,0.0,0.0089122,0.0,0.0,0.0,0.045935,0.0,0.0,0.0,0.0007617,0.0,0.0,0.0,0.0,0.0,0.0,0.0,0.004046,0.002276,2.6e-06,0.0001635,0.0040512,0.0011541,0.0,0.0,0.0022174,0.0,0.0,0.0,0.0,0.0,0.0,0.0005671,0.0059177,0.0002089
PRISM|9074,0.0,0.101625,0.0,4.32e-05,0.0,0.0142808,0.0,0.0007317,0.0,0.0,0.0,0.0,0.0,0.0,6.83e-05,0.006557,0.0,0.0137615,0.0,0.0,0.0,0.0,0.0,0.0,0.0,0.0001049,0.0,0.0,0.0,0.0,0.0,0.0,0.0042987,0.0,0.0004004,1.62e-05,0.0014226,0.0,0.0,0.0,0.0,0.0,0.0,0.0,0.0
PRISM|9079,0.0,0.0,0.0,0.107093,0.0,0.0,0.0003772,6.22e-05,0.0,0.0,0.0,0.0020385,0.0,0.0,1.87e-05,0.0054018,0.0,0.0,0.0100091,0.0002822,0.0,0.0007728,0.0191686,0.0001827,0.0,0.0,0.0284295,0.0042815,0.0002607,0.0,0.0,0.0,0.007243,0.0,0.0,0.0081399,0.0,0.0,0.0005625,9.8e-05,0.0,0.0044066,0.0019446,0.0052713,0.0071992
Validation|UMCGIBD00122,0.0018398,0.0,0.0,0.105104,0.0,0.0,0.0002568,0.0011236,0.0,0.0,0.0002917,0.0273084,0.0,0.0,0.0,0.0786223,0.0,0.0,0.0,0.0066483,0.0,0.0039637,0.0,0.0,0.0,0.0,0.0,0.0527963,0.0173296,0.0,1.71e-05,0.0,0.0250494,0.0,0.0,0.0109371,0.0,0.0030823,0.0006382,0.0092107,0.0,0.0089446,0.001714,0.0085105,0.0004414
Validation|UMCGIBD00167,0.0212117,0.0,0.0005334,0.150105,7.01e-05,0.0,6.17e-05,0.0,0.0,0.0,0.0010477,0.0165754,0.0,0.0,7.27e-05,0.0878789,4.66e-05,0.0,0.0012742,0.0112726,0.0,0.0355599,0.0373324,0.0018506,0.0,0.0,0.0296104,0.009688,0.0257934,0.0005345,0.0007035,0.0051037,0.0170442,0.0,0.0,0.0184959,0.0,0.0088489,0.0,0.0016148,0.0,0.0,0.0,0.0119172,0.0
Validation|UMCGIBD00208,0.0153538,0.0,0.0,0.0241525,0.0,0.0,7.32e-05,0.0011462,0.0,0.110025,0.0036116,0.0123254,0.0,0.0,0.0,0.195405,0.0,0.0,0.0025818,0.0045461,0.0,0.0001053,0.0,0.0004148,0.0,0.0,0.0062546,0.0303589,0.0039555,0.0,0.0087872,0.0,0.0299824,0.0003129,0.0,0.0090107,0.0,0.0221695,0.0,0.0003263,0.0001416,0.0014647,0.0011719,0.0049381,0.0009457
Validation|UMCGIBD00529,0.0048231,0.0,0.0,0.114724,0.0,0.0011448,0.0002666,0.0014831,0.0,0.0264995,0.0022542,0.0283792,0.0,0.0,0.0006143,0.0290859,0.0,0.0,0.0,0.0,0.0,0.0091808,0.03792,0.0017891,0.0,0.0,0.0015482,0.0044625,0.0275959,0.0019253,0.0026392,0.0486561,0.0662737,0.0,0.0,0.0201089,0.0,0.0139948,0.04104,0.0002404,0.0019953,0.0018017,0.0008501,0.0247254,0.0006347
Validation|UMCGIBD00371,0.0464661,0.0,0.0,0.0,0.0,0.0018291,0.0489089,0.0012906,0.0,0.0,0.0155111,0.0,0.0,0.0,0.0013035,0.0017015,0.0240791,0.016491,0.002751,0.0,0.0,0.0019055,0.0,0.0,0.0,0.0,0.0,0.0,0.0,0.0,0.0,0.0,0.0055186,0.0,0.0027843,0.0006546,0.0028102,0.0,0.0,0.0,0.0,0.0,0.0,0.0086267,0.0
Validation|UMCGIBD00613,0.0044192,0.0,0.0,0.0578854,0.023656,0.0,0.0,0.0001226,0.0,0.0,0.0039356,0.0175127,0.0,0.0,0.0,0.116635,0.0,0.0058189,0.0,0.0078478,0.0,0.0043815,0.0123847,0.0002676,0.0,0.0,0.0005472,0.0075514,0.0094186,0.0005368,0.0028318,0.0,0.0032895,0.0,0.0,0.0190186,0.0,0.0,0.0065283,9.16e-05,0.0,0.0,0.0,0.0059583,0.0002378
Validation|UMCGIBD00004,0.0,3.32e-05,0.0,0.0443663,0.0,0.0,0.0,0.0012443,0.0,0.0,0.0,0.0593195,0.0,0.0,0.0002884,0.0405352,0.0003126,0.0,0.0,0.019598,0.0,0.0037784,0.0287847,0.0,0.0,0.0,0.008225,0.0134807,0.0209228,0.0114996,0.0,0.0,0.0032171,0.0,0.0,0.0160358,0.0,0.0,0.0361222,0.0001464,0.0,0.0,0.0010464,0.0030983,0.0
Validation|UMCGIBD00053,0.0,0.0007675,0.0,0.0361909,0.0,0.0008964,0.023143,0.0017696,0.0,0.019231,0.0,0.0052134,0.0,0.0,6.57e-05,0.0055841,0.0,0.0013289,0.0021495,0.0,0.0,0.0,0.0818383,0.0018942,0.0,0.0,0.0,0.0,0.0304367,0.0,0.0,0.0,0.0111007,0.0,0.0,0.0002785,6.79e-05,0.0,0.0,0.0,0.0042801,0.0110534,0.0,0.011765,0.0
Validation|UMCGIBD00269,0.0,0.0002811,0.0,0.0,0.0290519,0.0,0.012579,0.0018594,0.0,0.0,0.0,0.0097862,0.0,0.0,8.62e-05,0.0415194,0.0014879,0.0021275,0.0,0.0273692,0.0,0.0,0.0,0.0002318,0.0,0.0007931,0.0,0.0,0.0028645,0.0,0.0,0.0,0.0123417,0.001572,0.0,0.0095852,2.46e-05,0.0,0.002495,0.0006721,0.0016787,0.0,0.0,0.0007145,0.0
Validation|UMCGIBD00250,0.0065293,0.0583138,0.0,0.0,0.0,0.000323,0.013872,0.0,0.0,0.0,0.0003179,0.030143,0.0,0.0,0.0001442,0.0094639,0.0,0.0002282,0.0,0.0020644,0.0,0.0,0.0,0.0,0.0,0.0001263,0.0,0.0,0.0,0.0001713,0.0,0.0,0.0056413,0.0,0.0,0.0844175,0.0,0.0,0.0,0.0002498,0.0008027,0.0,0.0,0.0,0.0
Validation|UMCGIBD00327,0.0135437,0.0015871,0.0040413,0.21556,0.0003639,0.0,0.0004581,0.0011434,0.0,0.0,0.0017318,0.0279172,0.0,0.0,0.0,0.0420431,0.051168,0.0,0.0,0.008595,0.0,0.0380992,0.0159735,0.0,0.0,0.0,0.0092196,0.0052728,0.0133013,0.0010691,0.0,5.03e-05,0.0107553,0.0,0.0,0.0242287,0.0,0.0001015,0.002998,0.0,0.0035288,0.002522,0.0127686,0.0045782,0.0027699
Validation|UMCGIBD00249,0.0036518,0.0003844,0.0048609,0.0419099,0.0,0.0,0.0,0.010402,0.0,0.0,0.0,0.0,0.0,0.0,0.0,0.0280211,0.0192379,0.0,0.0,0.0188135,0.0,0.0004494,0.0,0.0015543,0.0,0.0,0.0,0.0,0.0267782,0.0,0.0,0.0,0.0500616,0.0,0.0,0.0629157,0.0,0.028036,0.0004994,0.0030424,0.0109623,0.0076044,0.0111548,0.0210968,0.004572
Validation|UMCGIBD00461,0.0,0.0028061,0.0,0.0,0.0,0.0,0.0,0.0,0.0,0.0,0.0,0.0,0.0,0.0,0.0,0.0,0.0,0.0,0.0,0.0,0.0,0.0,0.0,0.0,0.0,0.0,0.0,0.0,0.0,0.0,0.0,0.0,0.0,0.0,0.0,0.0,0.0,0.0,0.0,0.0,0.0,0.0,0.0,0.0,0.0
Validation|UMCGIBD00266,0.0010812,7.64e-05,0.0,0.0324402,0.0,0.0,6.17e-05,0.0033575,0.0,0.0,9.12e-05,0.0278308,0.0,0.0,4.84e-05,0.0288106,0.0,0.000659,0.0006639,0.0013604,0.0,9.76e-05,0.0250725,0.0003887,0.0,0.0,0.0,0.0158587,0.0133608,8.31e-05,0.0006383,0.0,0.0057379,0.0003352,0.0,0.0061412,0.0,0.0095684,0.00493,0.0038904,0.0007182,0.0017921,0.0,0.0086887,0.0
Validation|UMCGIBD00347,0.0114291,0.0,0.0,0.0004997,0.0,0.0,0.0011082,0.0,0.0,0.0,0.0024785,0.0,0.0,0.0,0.0012136,0.022754,0.0,0.0,0.0,0.001002,0.0,4.9e-06,0.0,0.0,0.0,0.0,0.0179717,0.0190711,0.0113307,5.63e-05,0.0,0.038709,0.0053896,0.0,0.0,0.0126037,0.0003219,0.0382166,0.0,0.0,0.0005001,0.0021943,0.0181495,0.0074755,0.0083584
Validation|UMCGIBD00645,0.0,0.0,0.0,0.113453,0.0,0.0,0.0,0.0001527,0.0,0.0,0.0,0.0,0.0,0.0,0.0,0.0003629,0.0,0.0001446,0.0,0.0,0.0,0.0,0.0731697,0.0,0.0,0.0,0.0001437,0.0397318,0.0075388,0.0,0.0,0.0,0.0129481,0.0,0.0,0.0001826,0.0,0.0,0.003675,0.0,0.0,0.0075331,0.0,0.0241818,0.0
Validation|UMCGIBD00361,0.0,0.0,0.0,0.0798867,0.0893614,0.0,0.0001993,0.0093388,0.0,0.0,0.0,0.0122108,0.0,0.0,0.0,0.0047234,0.0025041,0.0008599,0.0,0.0014365,0.0,0.0,0.143905,0.0,0.0,0.0,0.0,0.0062157,0.0405731,0.0013978,0.0,0.0,0.0091093,0.0,0.0,0.0282983,0.0,0.0,0.0002565,0.0002389,0.0001346,0.0,0.0004559,0.0121964,0.0
Validation|UMCGIBD00412,0.0246933,6.54e-05,0.0,0.136174,0.0,2.59e-05,0.0007021,0.0014603,0.0,0.0,0.0006287,1.2e-05,0.0,0.0,0.0016168,0.0082861,0.0015832,0.0007961,0.0020445,0.0,0.0,0.0001739,0.0481756,8.74e-05,0.0,0.0,0.0,0.0108581,0.0264098,1.9e-06,0.0019484,0.209295,0.0056983,0.0010022,0.0,0.0269874,0.0001655,0.0357731,0.004201,0.0008265,0.0008529,0.0026936,3.24e-05,0.0272344,0.0018181
Validation|UMCGIBD00539,0.0,0.003707,0.0015541,0.0601556,0.0,8.73e-05,0.0006712,0.0073607,0.0,0.0,0.0,0.0055112,0.0,0.0,0.0003259,0.0656076,0.0210704,0.0,0.0013493,0.0,0.0,0.0099709,0.0756442,0.0,0.0,0.0,0.0029522,0.0072504,0.0282418,0.0,0.0,0.0,0.0051388,0.0,0.0,0.0065481,0.0011558,0.0,0.0,0.0,0.0,0.0,0.0001213,0.0264296,0.000244
Validation|UMCGIBD00389,0.0,0.0,0.0004244,0.149203,0.0087943,0.0,0.000224,0.0001468,0.0,0.0103769,0.001964,0.001155,0.0,0.0,0.0,0.0078453,0.0039699,0.0020835,0.0005643,0.0012695,0.0,0.0037295,0.0414045,0.0,0.0,0.0,0.0036112,0.0166096,0.0148109,0.0,0.0005412,0.0965327,0.0051876,0.0,0.0,0.0045411,0.0,0.0068631,0.0,2.21e-05,0.0,0.0018223,0.0005686,0.0070223,0.0001549
Validation|UMCGIBD00588,0.0033516,0.0,0.0,0.0955797,0.0,0.0,0.0020692,0.0,0.0,0.0,0.0004125,0.0297691,0.0,0.0,0.0,0.0728904,0.0,0.0,0.0,0.0085602,0.0,0.0,0.0,0.0,0.0,0.0,0.0,0.0336965,0.0,0.0,0.0,0.0615416,0.0030981,0.0,0.0,0.0199888,0.0,0.0,0.0,0.014456,0.0008964,0.0002114,0.0028043,0.0124811,0.0002028
Validation|UMCGIBD00393,0.0,0.0,0.0,0.0982952,0.0,0.0010364,0.0021483,0.0035838,0.0,0.0,0.0013826,0.0168028,0.0,0.0,0.001935,0.196399,0.0008791,0.0077429,0.0,0.0,0.0,0.0019638,0.0,0.0112285,0.0,0.0,0.0,0.0,0.0,0.0,0.0,0.0,0.263185,0.0027711,0.0,0.0024982,0.0003798,0.0158207,0.0,0.0019687,0.0061308,0.0001517,0.0,0.0,0.0
Validation|UMCGIBD00593,0.0007743,0.0024617,0.0,0.0,0.0021057,0.0,0.0,0.0,0.0,0.0,0.0006365,0.0,0.0,0.0,0.0,0.022263,0.0113571,0.0,0.0005137,0.0,0.0,0.0137711,0.0,0.0,0.0,0.0016393,0.0,0.0,0.0,0.0,0.0,5.04e-05,0.016744,0.0,0.0,0.0001538,0.0,0.0022179,0.0349469,0.0,0.0,0.0,0.0196476,0.0,0.0023458
PRISM|7662,0.012223,0.0,0.0031648,0.0852604,0.0,0.0,0.0045998,0.0007164,0.0,0.042463,0.002968,0.0253507,0.0264305,0.0,0.0,0.0855291,0.0312123,0.0,0.0028191,0.0063567,0.0,0.0003506,0.0276662,0.0021784,0.0,0.0,0.0,0.0536637,0.0683195,0.0,0.0043668,5.01e-05,0.0285566,0.0002148,0.0,0.010519,3.71e-05,0.0171876,0.0017108,0.0056677,0.0005004,0.0033513,0.0047549,0.0151721,0.0098968
PRISM|7847,0.0,0.0,0.0,0.14003,0.0,0.0,0.0076692,0.0002255,0.0,0.0,0.0,0.0091424,0.0,0.0,0.0003803,0.0741361,0.0104742,0.0,0.0027697,0.0032643,0.0,0.0073021,0.0544205,0.0,0.0,0.0,0.0,0.0126371,0.0025392,0.0054634,0.0229349,1.04e-05,0.0118953,0.0002229,0.0,0.0136644,0.0,0.0920357,0.0031279,0.0021427,0.0004106,0.0117596,0.0065316,0.009128,0.0004123
PRISM|7855,0.0043696,0.0,0.0,0.0892802,0.0,0.0,0.0004639,0.0069429,0.0,0.134978,0.0,0.0019219,0.0,0.0,0.0003278,0.0458754,0.0,0.0,0.0035411,0.0066167,0.0,9.37e-05,0.105944,0.0037392,0.0,0.0,0.0179648,0.0201951,0.0038648,0.0002107,0.0060409,0.11979,0.0207883,0.0005109,0.0,0.0108105,0.0006529,0.0213286,0.0,4.24e-05,0.0044658,0.0,0.0177344,0.0064992,0.0001335
PRISM|7858,0.0,0.0,0.000402,0.0423179,0.0274826,8.6e-05,0.0006463,0.0013121,0.0001385,0.192396,0.0010272,0.0,0.0,0.0002782,0.0004342,0.0773439,0.0522668,0.0,0.0036491,0.0017256,0.0009593,0.0333998,0.0660647,6.78e-05,0.0,0.0,0.0211966,0.0080142,0.0044096,0.000807,0.0002619,0.0,0.0061829,0.0003208,0.0,0.0051817,0.0,0.0,0.008162,0.0002479,0.0038438,0.0009356,0.0054574,0.0195876,0.0116951
PRISM|7860,0.0034109,0.0,0.0,0.154079,0.0,0.0001118,0.0007183,0.0157689,0.0,0.113094,0.0051197,0.0071814,0.0,0.0,0.0001289,0.0281344,0.0,0.0023855,0.001664,0.0,0.0,0.0,0.0638638,0.0006478,0.0,0.0,0.0170278,0.00387,0.0253427,0.0030907,0.0,6.73e-05,0.0232079,0.0,0.0,0.0014734,0.0014986,0.0,0.0,0.0023649,0.000266,0.0,0.0,0.010243,0.0019109
PRISM|7861,0.0010496,0.0,0.0025491,0.226137,0.0,0.0,0.0017543,0.001719,0.0,0.081928,0.0001032,0.0192459,0.0,0.0,8.85e-05,0.0493322,0.0,0.0,0.001414,0.0041361,0.0,7.4e-06,0.133682,0.0001415,0.0,0.0,0.0138689,0.0206139,0.041861,0.0,0.0012239,0.0,0.0621701,0.0008732,0.0,0.0183177,4.62e-05,0.0019743,0.0052988,0.0005101,0.0038921,0.0044782,0.0126515,0.0343118,0.0099175
PRISM|7862,0.0,0.0,0.0,0.269543,0.0,0.0,0.0067543,0.0003613,0.0,0.0,0.0036472,0.020246,0.0,0.0,0.0003757,0.0786102,0.0284761,0.0,0.0,0.0005827,0.0,0.001105,0.0400209,0.0,0.0,0.0,0.0,0.0323639,0.0473526,0.0,0.0051223,5.75e-05,0.0295431,0.0001347,0.0,0.0550706,0.0,0.0395114,0.0072797,0.0035804,0.0020928,0.0066834,0.0008098,0.0074139,0.005603
PRISM|7870,0.0,0.0,0.0063695,0.0964448,0.0017184,0.0,0.0116972,0.0005212,0.0,0.0,0.0004337,0.0,0.0,1.05e-05,2.85e-05,0.128779,0.0038095,0.0,0.0008353,0.0,0.0,0.0005301,0.180976,6.83e-05,0.0,0.0,0.0,0.0369453,0.0693779,3.18e-05,0.0008564,0.0,0.146507,0.0,0.00043,0.002248,2.54e-05,0.0077821,0.0,8.5e-05,0.0016918,0.0005421,0.0120235,0.0053095,0.0027557
PRISM|7874,0.0,0.0,0.0037203,0.0819939,0.0,0.0,0.0009793,0.0001408,0.0,1.8e-06,0.0089312,0.0244113,0.0,0.0,0.0,0.0759778,0.0001413,0.0,0.0011632,0.0031815,0.0,0.0010568,0.0205911,0.0095766,0.0,0.0,0.0102694,0.0170166,0.035594,0.0006389,0.0022657,0.191927,0.0517745,0.0032878,0.0,0.0157693,0.0,0.0172541,0.0054581,0.0087076,0.007504,0.0012582,0.0043983,0.0068364,0.0047151
PRISM|7879,0.0146003,0.0,0.0011666,0.0379606,0.0102859,0.0,0.0006976,0.0018666,0.0,0.0,0.0060661,0.0073174,0.066697,0.0,0.0,0.198644,0.0027335,0.0,0.0079421,0.0020569,0.0,0.0001554,0.0308126,0.0010603,0.0,0.0,0.0256068,0.0005511,0.0091489,0.0008058,0.0238281,4.65e-05,0.0139995,0.0025909,0.0,0.0189143,0.0,0.0356524,0.0036475,0.0013399,0.0001265,0.0,0.0303378,0.0090583,0.0012862
PRISM|7899,0.0,0.0,0.0,0.165785,0.0011022,0.0,0.0027102,0.0012086,0.0,1.36e-05,0.0,0.0119742,0.0,0.0,0.0001432,0.10897,0.0,0.0,0.0051043,0.0029462,0.0,0.0008272,0.0474797,0.0006941,0.0,0.0,0.0,0.0117067,0.0146867,0.0,0.0120816,0.0437329,0.0294049,0.0,0.0,0.0141558,0.000115,0.048462,0.0108444,0.0007066,0.0003146,0.0005772,0.0045934,0.0024695,0.005078
PRISM|7904,0.0,0.0,0.0006435,0.244951,0.0,0.0,0.043654,0.001223,1.35e-05,0.0,0.0,0.0192738,0.0,0.0,0.0,0.117767,0.0,0.0,0.0,0.002505,0.0,0.0295216,0.0484866,0.0097111,0.0,0.0,0.0,0.0049175,0.028879,0.0090326,0.0,0.0,0.0072046,0.0,0.0,0.0072803,0.0001168,0.0,0.0015761,7.11e-05,0.0013917,0.0062369,0.004656,0.0060145,0.0063506
PRISM|7906,0.0004725,0.0,0.0003847,0.0691267,0.0,2.31e-05,0.008328,0.028121,0.0,0.0,0.0004194,0.0418088,0.0,6.05e-05,0.0007151,0.0579764,0.0298327,0.0,0.0,0.0,0.0,0.0249516,0.0660109,0.0015802,0.0,0.0,0.0121836,0.0387024,0.0531693,0.000409,0.0026528,0.0,0.0334011,0.0001342,0.0,0.0232841,0.0,0.007668,0.0357773,0.0258923,0.0018616,0.0144711,0.0,0.0087382,0.012216
PRISM|7908,0.0,0.0,0.0,0.357922,0.0099593,0.0,0.0008906,0.0057434,0.0,0.0,0.0,0.0144338,0.0,0.0,0.0001088,0.0027905,0.0164678,0.0,0.0001368,0.004003,0.0,0.0232371,0.0290232,0.0,0.0,0.0,0.0046522,0.0334178,0.0230548,0.0021477,0.0,0.0,0.0236446,0.0,0.0,0.0152439,7.67e-05,0.0,0.0025466,0.0007077,0.0,0.0,0.0,0.0107368,0.0
PRISM|7909,0.0001125,0.0,0.0006908,0.0557286,0.0009576,0.0,0.0002566,0.0039002,0.0,0.0378085,0.0,0.0105522,0.0,0.0,0.0,0.0752737,0.0014454,0.0,0.004928,0.0025973,0.0,0.0001662,0.0171915,2.77e-05,0.0,0.0,0.0043617,0.0163996,0.0063216,0.0003763,0.0115917,0.059688,0.0147957,0.0,0.0,0.0267496,0.0001593,0.0668771,0.0011853,1.31e-05,0.0061923,0.007939,0.0078491,0.0097079,0.0056102
PRISM|7910,0.0011852,0.0,4.16e-05,0.248052,0.0016863,0.0,0.0006502,0.0016137,0.0,0.0022269,0.0017175,0.0130144,0.0750447,0.0009339,1.79e-05,0.0325795,0.011615,0.0,0.0004314,0.0037793,0.0,0.004012,0.0223734,0.0003374,0.0,0.0,0.0096087,0.0189704,0.0197047,5.98e-05,0.0010322,0.0462734,0.0116741,0.0,0.0,0.0162137,0.0,0.0096043,0.0001285,0.0016311,6.9e-06,0.0019069,0.0010125,0.0050134,0.0009484
PRISM|7911,0.0008149,0.0,0.0,0.096422,0.0,0.000202,0.0019786,0.0002215,0.0,0.0,0.0,0.0659707,0.0,0.0,0.0002284,0.013536,0.0,0.0055413,0.0,0.0,0.0,0.0,0.105508,0.0,0.0,0.0,0.0470027,0.0117063,0.0,0.0,0.0,0.189452,0.0243178,0.0,0.0,0.0201623,8.63e-05,0.0,0.0,4.82e-05,0.0038828,0.0,0.0,0.0109181,0.0013563
PRISM|7912,0.0157603,0.0,0.0386086,0.106414,0.000256,0.0,0.0011708,0.0009334,0.0,0.0218842,0.0146076,0.0096701,0.0639737,0.0005783,3e-06,0.0671288,0.0059406,0.0,0.0015197,0.0036195,0.0,0.0027503,0.0215794,0.0022746,0.0,0.0,0.0057177,0.0168849,0.0065642,0.0009774,0.011623,0.056279,0.0061225,0.0011931,0.0,0.0080291,7.04e-05,0.0920392,0.0006028,0.0025684,0.0026707,0.0021943,0.0042679,0.0050417,0.0044139
PRISM|7955,0.0006483,0.0,0.0006331,0.273881,0.0079853,0.0,0.0004259,0.0001396,0.0,0.0001384,0.0028182,0.00701,0.0560552,0.0,0.0,0.0174256,0.0087878,0.0,0.0,0.0023054,0.0,0.0097681,0.0227392,0.0008219,0.0,0.0,0.0,0.0357656,0.0375105,3.08e-05,0.0024548,0.0782253,0.0063203,0.0,0.0,0.0067609,0.0,3.72e-05,0.0047365,0.012563,0.0006204,0.0042937,0.0005069,0.0146321,0.0024492
PRISM|8244,0.0,0.0,1.06e-05,0.0573006,0.0,4.8e-05,0.0102837,0.0016284,0.0,4.69e-05,1.09e-05,0.0044717,0.0,0.0,0.0005251,0.134106,0.0039613,0.0,0.0,0.0016257,2.26e-05,0.0033466,0.0281184,0.0042542,0.0,0.0,1.34e-05,2.43e-05,0.0008806,0.0017015,5.3e-06,4.73e-05,0.0517753,0.0,0.0,0.0033926,0.0003741,6.14e-05,0.0032845,0.0065152,0.0013141,0.0,0.0006909,0.0044153,0.0021086
PRISM|8283,0.0396754,0.0,5.5e-06,0.0961386,0.004395,3.56e-05,0.0019517,0.0014219,0.0,0.171767,2.2e-06,0.0104031,0.0,0.0,0.0004235,0.0218456,0.0014445,0.0,0.0,0.0058509,0.0,0.0025528,0.0067421,0.007736,0.0,0.0,5.5e-06,0.0215353,0.0092668,0.0,2e-06,0.0612816,0.0106911,0.0,0.0,0.0071575,6.26e-05,0.0721152,9.09e-05,0.0005934,2.51e-05,0.0010596,0.0004693,0.0036166,0.004958
PRISM|8332,0.008055,6.75e-05,0.0191244,0.20932,0.0,0.0,0.0008354,5.57e-05,0.0,0.0481403,0.0200178,0.0052344,0.0,0.0,0.0001974,0.050964,0.0028609,0.0,0.004463,0.00471,0.0,0.0021939,0.0083226,0.0020008,0.0,0.0,6.8e-06,0.0082866,0.0122919,1.39e-05,0.0227547,0.109986,0.0106358,0.0,0.0,0.0226898,8.89e-05,0.0162156,0.0009446,0.0001043,0.0001801,0.0032942,0.0085731,0.0066883,0.002436
PRISM|8589,0.00272,0.0,0.0,0.0357338,0.0009833,0.0,0.0024753,0.0103236,0.0,0.0273613,0.0009686,0.0277225,0.0,0.0,0.0,0.116403,0.0058319,0.0,0.0003829,0.0,0.0,0.0099625,0.147083,0.0,0.0,0.0,9.5e-06,0.202399,0.0254659,0.0,0.0016285,0.0470318,0.0958541,0.0020714,0.0,0.0235745,0.0,0.0,0.0138631,0.0134883,0.0069315,1.43e-05,0.0233542,0.0213523,0.001747
PRISM|8683,0.0006315,0.0364571,0.0,0.409799,0.0,0.0,0.0,0.0001619,0.0,0.0,0.0,0.0020619,0.0,0.0,0.0,0.0111391,0.0934066,0.0,0.0005514,0.0030145,0.0,0.0002691,0.0190868,0.0,0.0,0.0,0.0007694,0.0142855,0.0011656,0.0,0.0,0.0,0.0096683,0.0,0.0,0.003092,0.0005164,0.0,0.0022641,0.0003571,2.2e-06,0.0,0.0,0.0070849,0.0001156
PRISM|8754,0.0255524,0.0,0.0057024,0.0460312,0.0125059,0.0,0.0028934,0.0020157,3.7e-06,0.00167,0.0051671,0.0084321,0.077363,0.0,7.66e-05,0.0250425,0.0157637,0.0,0.0015559,0.0047869,0.0,0.0079645,0.0204468,0.0003475,0.0,0.0,0.0086754,0.0127695,0.029421,0.0003388,0.0025131,0.0443722,0.0141906,0.0061927,0.0,0.0126015,0.0,0.0419865,0.0029831,0.000843,0.0003474,0.0042631,0.0033166,0.0032882,0.0022935
PRISM|8764,0.0,0.0,1.63e-05,0.013843,0.0,0.0,0.0002781,0.0006378,1.1e-05,7.4e-05,0.0,0.0184236,0.0,0.0338407,0.0,0.0212448,0.0010813,0.0,7.3e-06,0.0029966,0.0,0.0032193,0.0517772,0.0034096,0.0,0.0,8.6e-06,0.073265,0.0166033,0.0016701,0.0497233,0.0254617,0.0082841,0.0,0.0,0.0024842,0.0,9.34e-05,0.0298533,0.0,0.0011805,0.0002696,0.0208935,0.0101606,0.0007313
PRISM|8765,0.0336236,0.0,1.33e-05,0.0273693,0.0,0.0,0.0001192,0.0003675,0.0,0.08995,0.0296009,0.0198157,0.0211898,0.0,0.0,0.167676,9.01e-05,0.0,0.0020197,0.0077868,0.0,0.0131001,0.0050241,0.0150467,0.0,0.0,0.0487108,0.0123792,0.0053921,0.0001452,0.0320552,3.59e-05,0.0129252,0.0003315,0.0,0.0078397,0.0,0.0336854,0.0030549,0.0008104,6.65e-05,0.0002145,0.0193831,0.004561,0.0003834
PRISM|8774,0.0707118,0.0,6.7e-06,0.135322,0.0,7.22e-05,0.0015906,1.61e-05,0.0,0.0021637,5.29e-05,0.0179209,0.0,0.0,0.0003976,0.0475349,0.0232872,0.0,0.001089,0.0013522,4.59e-05,0.0048725,0.0330486,0.0247629,0.0,0.0,6.3e-06,0.0056267,0.0015723,0.0,1.41e-05,6.47e-05,0.0036974,0.0014534,0.0,0.019436,0.0,0.102342,0.0148077,0.0015134,0.0004631,0.0090517,0.0007633,0.0128224,0.0046833
PRISM|8776,2.74e-05,0.0,2.04e-05,0.120488,0.0,0.0,0.0,0.0007109,0.0,7.74e-05,0.0048744,0.0197767,0.0124023,0.0002616,5.37e-05,0.0030797,0.0163682,0.0,0.0018115,0.0027717,0.0,0.0035874,0.0345022,0.0004648,0.0,0.0,1.86e-05,0.0165712,0.0603723,0.0001319,0.0081221,0.001857,0.01867,0.0016776,0.0,0.002425,0.0,0.0006799,0.0116322,0.0,0.0025393,0.000133,0.010544,0.0062188,0.0017515
PRISM|8784,8.4e-06,0.0,0.0427881,0.196536,0.0,4.38e-05,0.0074197,3.22e-05,0.0,0.135196,0.0137767,0.0153967,0.0,0.0,6.41e-05,0.0435753,0.0043343,0.0,0.0072553,0.0032936,0.0,0.018345,0.0442913,0.0,0.0,0.0,0.0110529,0.0213552,0.0014181,0.0,0.0296896,0.0602896,0.0338943,0.0064306,1.6e-06,0.0012179,5.31e-05,0.0001078,0.001412,0.0029228,0.0028045,0.0057849,0.0137336,0.0015134,0.0038621
PRISM|8788,0.0,0.0,0.0,0.14857,0.0,0.0,0.0001559,0.0009449,0.0,2.35e-05,0.001073,0.005525,0.0,0.0,0.0002979,0.0258564,0.0181212,0.0,0.0065498,0.0007054,0.0,0.0109139,0.0427544,0.0,0.0,0.0,0.0080538,0.011489,0.0066684,0.0003622,0.0096852,0.0037142,0.0233497,0.0010964,0.0,0.0064455,0.0,0.0558984,0.0018467,3.14e-05,0.0,0.0010708,0.0012609,0.0072341,0.0004369
PRISM|8789,0.0019169,0.0,0.0,0.0133647,0.0007361,0.0,0.0005425,0.0007665,0.0,0.0,0.0014341,0.0,0.0,0.0,3.61e-05,0.0653058,0.0019643,0.0,0.003468,0.0,0.0,0.0002752,0.0093379,0.0002965,0.0,0.0,0.0045861,0.0066356,0.008844,0.0,0.0008317,3.4e-05,0.0054213,0.00328,0.0,0.0107124,0.0,0.0439289,0.0,0.0008598,9.8e-06,0.0035653,0.0018609,0.0018864,0.0021929
PRISM|9126,0.0,0.0,0.011906,0.0380024,0.0,0.0,0.0002953,0.0084745,0.0,0.0,0.001741,0.009283,0.0,0.0,0.0002561,0.0208207,0.0390566,0.0,2.92e-05,0.0048995,0.0,0.0431583,0.0520069,0.0,0.0,0.0,0.010132,0.012468,0.0311725,3.39e-05,0.0101305,0.0,0.0295037,0.0,0.0,0.0149757,0.0,0.0880077,0.0006424,0.0056743,0.0,0.0048777,0.0047282,0.0144578,0.0024804
PRISM|9148,0.0218644,0.0,0.0008207,8.61e-05,0.0,0.0,0.0012648,0.0,0.0,0.0439614,0.0012502,0.0280614,0.0,0.0,0.0004967,0.0340114,0.0404141,0.0,0.0040536,0.0,0.0,0.025139,0.0478738,0.0,0.0,0.0,0.0,0.0030508,0.0003492,0.0,0.0251216,0.0,0.0399519,7.15e-05,0.0,0.0061116,7.92e-05,0.0589369,0.0389825,0.0,0.000615,0.0,0.0010255,0.0,0.0029844
Validation|LLDeep_0001,0.0006555,0.0,0.0001172,0.151892,0.0,0.0,0.0,0.0018841,0.0,0.0,0.0005936,0.0075145,0.0,0.0,0.0,0.0274026,0.0009984,0.0,0.0,0.0074306,0.0,0.0022728,0.0,0.0,0.0,0.0,0.0036748,0.0197114,0.0214137,8.81e-05,0.0007435,0.0436845,0.0080636,0.0015127,0.0,0.0140995,0.0,0.0016911,0.0016017,0.0,0.0,0.0020322,0.0145042,0.0084862,0.0003737
Validation|LLDeep_0003,0.0,0.0,0.0,0.0191138,0.0243804,0.0,0.0002551,0.0055523,0.0,0.0,0.0,0.0215709,0.118698,0.0,0.0,0.0293631,0.0208328,0.0,0.0027214,0.0016548,0.0,0.0018723,0.058258,0.0,0.0,0.0,0.0242294,0.0053279,0.0115371,0.001668,0.0,0.140458,0.0187912,0.0,0.0,0.0199182,0.0,0.0,0.0022642,0.0005504,0.0021582,0.0004255,0.0002742,0.0,0.0
Validation|LLDeep_0010,0.0109015,0.001759,0.0471223,0.0,0.000257,0.0025623,0.0022083,0.0,0.0,0.0,0.0,0.0,0.0,0.0,0.0,0.0092639,0.0082217,0.0,0.0073891,0.0,0.0,0.0035696,0.0,0.0073181,0.0,0.0,0.0,0.0141953,0.221023,0.0016574,0.0057969,0.0867091,0.0115369,0.0,0.0083289,0.0032101,0.0,0.0,0.0,0.0,0.0161932,0.0,0.0,0.0,0.0
Validation|LLDeep_0011,0.0263564,0.0,0.0026109,0.0001932,0.0011998,0.0,0.0006058,0.0077114,0.0,0.124137,0.0091098,0.0102135,0.0,0.0,1.29e-05,0.027929,0.0,0.0070965,0.0030243,0.003812,0.0,0.0021002,0.0243438,0.0070801,0.0,0.0,4.3e-06,0.0037379,0.0262121,0.0001348,0.0067701,0.0,0.005576,0.0020824,0.0,0.0176634,0.0,0.0269414,0.0014722,0.00077,0.000255,0.0029296,0.0018316,0.0063409,0.0017112
Validation|LLDeep_0012,0.0009842,0.0,0.0001747,0.104451,0.0219789,0.0,0.0005585,0.0109619,0.0,0.0164662,0.0005806,0.0133195,0.023144,0.0,3.75e-05,0.15524,0.0017987,0.0,0.0004764,0.0,0.0,0.0112707,0.135148,0.0,0.0,0.0,0.0,0.0053122,0.0275022,5.78e-05,0.0022092,4.05e-05,0.0183968,0.000101,0.0,0.0353763,0.0,0.0066729,0.003268,0.0004455,0.0,0.0063123,0.0043864,0.0079877,0.0003828
Validation|LLDeep_0015,0.0027753,0.0,0.0031707,0.0372845,0.0071103,0.0,0.0006399,0.0015174,0.0,0.0,0.0036954,0.0172119,0.0,0.0,0.0,0.274826,0.0016965,0.0018064,0.0035447,0.0075874,0.0,0.0044632,0.0567036,0.0,0.0,0.0,0.0,0.0377917,0.0056683,0.000918,0.0028409,0.0813452,0.0145664,0.0,0.0,0.0187965,0.0,0.0155993,0.0098866,0.0023361,0.0001593,0.0001763,0.0001807,0.0107975,0.0034748
Validation|LLDeep_0018,0.0113538,0.0,0.000114,0.0010831,6.01e-05,0.0,0.0004243,0.0012952,0.0,0.233289,0.0060723,0.0334936,0.0,0.0,0.0,0.0484668,0.0002164,0.0001605,0.0046149,0.0073125,0.0,0.0028209,0.0724897,0.0027231,0.0,0.0,0.0,0.00862,0.0411278,0.0,0.0027768,0.0399987,0.0301618,0.0070859,0.0,0.0170126,0.0,0.0470124,0.0114848,0.0005992,8.54e-05,0.0068958,0.0024613,0.020718,0.0
Validation|LLDeep_0021,0.002137,0.0,7e-05,0.0036067,0.0008536,0.0,0.0012533,0.0047261,0.0,0.057164,0.0013251,0.0098236,0.0030076,0.0,0.0007779,0.165748,1.87e-05,0.0007378,0.0001608,0.0101095,0.0,0.0,0.0680455,0.0004449,0.0,0.0,0.0026118,0.0058477,0.0110959,0.0006663,0.0030457,0.0006649,0.0811151,0.0,0.0,0.0109907,0.0,0.0691539,0.0002254,0.001261,0.0002794,0.0086736,0.0009228,0.0021716,0.0022923
Validation|LLDeep_0022,0.0129484,0.0,0.0,0.0585348,0.0012847,0.0,0.000612,0.0002125,0.0,0.0,0.0072638,0.0191908,0.0,0.0,0.0,0.0915268,0.0004741,0.0,0.0002066,0.0038632,0.0,0.0040102,0.0529269,0.0012119,0.0,0.0,0.0013019,0.0096412,0.0168456,0.0006457,0.0057789,0.219482,0.0079113,0.0012111,0.0,0.0230425,0.0,0.0174833,0.0001383,0.0,3.78e-05,0.0023146,0.0013158,0.0082625,0.0032412
Validation|LLDeep_0024,0.0020287,0.0016384,0.0,0.000347,0.0,0.0,0.0003522,0.0057401,0.0,0.0655792,0.001014,0.0180054,0.0337224,0.0,0.0,0.0306684,0.0016534,0.0,0.0,0.0101536,0.0,0.0006383,0.131576,0.001046,0.0,0.0,0.0203509,0.0255254,0.0509563,9e-05,0.0016499,0.118101,0.0284081,0.0018599,0.0,0.0240965,0.0,0.0095472,0.0029351,0.0002501,0.0,0.0,0.0058944,0.0170388,0.0007159
Validation|LLDeep_0026,0.0,0.0,0.0,0.231416,0.0,0.0,0.0003094,0.0009702,0.0,1.85e-05,0.0,0.0303104,0.0,0.0,0.0,0.0447216,0.0037867,0.0,0.0,0.0040188,0.0,0.00053,0.183207,0.0001326,0.0,0.0,2.01e-05,0.0650307,0.0226979,0.0,0.0,0.0692127,0.0484936,0.0,0.0,0.0464018,0.0,0.0,0.0179406,0.0056334,0.0011669,0.0041542,0.0,0.0078301,0.0044237
Validation|LLDeep_0027,0.0002294,0.0,0.0,0.365297,0.0001129,0.0,8.59e-05,0.0064517,0.0,0.0,0.0003912,0.0277199,0.019867,0.0,0.0,0.0411225,0.0,0.0,0.0009654,0.0079534,0.0,0.0020819,0.0458388,5.24e-05,0.0,0.0,0.0,0.0570034,0.049133,0.0,0.0004247,0.0,0.0138032,0.0001758,0.0,0.0212664,0.0,0.0048481,0.007503,0.001041,0.0005075,0.0,0.0068468,0.0142997,0.002043
Validation|LLDeep_0028,0.0095079,0.0,0.0,0.0317542,0.0,0.0,0.0002623,0.000127,0.0,0.0,0.0004612,0.010423,0.0,0.0,8.5e-06,0.019427,0.0023015,0.0017787,0.0001695,0.0050243,0.0,0.0002166,0.0311042,2.5e-06,0.0,0.0,0.0015182,0.0151377,0.00419,9.05e-05,0.0008836,0.185564,0.0182632,0.0003059,0.0,0.0071427,0.0,0.010432,8.65e-05,0.0036276,0.0,0.0005076,0.0003754,0.0064476,0.0018923
Validation|LLDeep_0029,0.0027378,0.0,0.0,0.267782,0.0016566,0.0,0.000541,0.000398,0.0,0.146157,0.0013959,0.0323228,0.0,0.0,0.0,0.010866,0.0029151,0.0,0.0002703,0.0,0.0,0.0025877,0.0451194,0.0,0.0,0.0,0.0,0.0277789,0.0402682,0.0013138,0.0,0.0001283,0.0073146,0.00022,0.0,0.0057441,0.0,0.0,0.0061348,0.0,0.0009212,0.0,0.0036625,0.0085624,0.0062193
Validation|LLDeep_0030,0.0013927,0.0,0.0,0.108708,0.0,0.0,0.0001518,0.0005358,0.0,0.0002748,1.22e-05,0.0328509,0.0,0.0,0.0,0.116881,0.0120107,0.0,9.63e-05,0.007055,0.0,0.0013682,0.110077,0.0014853,0.0,0.0,0.0028568,0.073384,0.0502748,0.0003198,0.000322,3.73e-05,0.0413915,0.0006164,0.0,0.0349007,0.0,0.0076352,0.013965,0.0038552,0.0001954,0.0057346,0.0029358,0.0199485,0.0049912
Validation|LLDeep_0033,0.0135609,0.0,0.0,0.0020806,0.000219,0.0,0.0016665,0.0006757,0.0,0.155269,0.0061751,0.0007104,0.0033307,0.0,0.0002617,0.132109,0.0006579,0.0,0.0009117,0.00857,0.0,0.0011989,0.0062284,0.0002851,0.0,0.0,0.0007913,0.012976,0.0354754,0.0008585,0.0058747,0.0584503,0.0258271,0.0014997,0.0,0.0025932,0.0,0.0138333,5.62e-05,0.0033396,6.89e-05,0.0002474,0.0009793,0.0010998,0.000248
Validation|LLDeep_0034,0.0002695,0.0,0.0,0.053396,0.0001055,0.0,0.0009135,0.001266,0.0,0.0013544,2.59e-05,0.0187,0.0,0.0,0.0,0.0252693,0.0,0.000982,0.0,0.0068182,0.0,0.0011033,0.0948046,5.07e-05,0.0,0.0,0.0048786,0.0255645,0.0332345,6.8e-06,8.87e-05,0.13128,0.0113138,0.0,0.0,0.0224883,0.0,0.0046047,0.0041583,6.04e-05,2.78e-05,0.0024404,0.0002119,0.0185306,0.0017697
Validation|LLDeep_0037,0.0021579,0.0,0.0,0.0160255,0.0,0.0,9.37e-05,0.0012339,0.0,0.0718383,0.0014384,0.0042422,0.0159265,0.0,0.0,0.106422,0.0003712,0.0004418,0.0013174,0.0076901,0.0,0.0009663,0.0167567,0.0011181,0.0,0.0,0.0,0.0462954,0.0354479,3.11e-05,0.0037893,3.33e-05,0.0043579,0.0008708,0.0,0.0094311,0.0,0.009638,0.0005451,0.0032192,0.0002015,0.0006067,0.0008374,0.0086289,0.0023035
Validation|LLDeep_0039,0.0012166,0.0,0.0,0.0531866,0.0,0.0010061,0.0027407,0.0331417,0.0,0.0,0.0001115,0.0372014,0.0,0.0,0.0002656,0.020912,0.0154255,0.0,5.63e-05,0.0,0.0,0.0016729,0.219418,0.0030932,0.0,0.0,9.7e-06,0.0777876,0.0,0.0,0.0,0.000139,0.121957,0.0,0.0,0.0126878,2.88e-05,0.0031472,0.0117312,0.0104741,0.0019227,0.0,4.46e-05,0.0047321,0.0
Validation|LLDeep_0043,8.44e-05,0.0004779,0.0,0.0227242,2.9e-06,0.0,0.0004224,8.17e-05,0.0,0.0020148,0.0,0.0149681,0.0,0.0,0.0,0.028185,0.0001049,0.0030866,0.0,0.0026492,0.0,0.0017785,0.0352941,0.0,0.0,0.0,0.0,0.0277069,0.0162229,9.4e-06,0.0,4.69e-05,0.0096731,0.0,0.0,0.0142886,0.0,0.0008385,0.0017572,0.0004967,0.001737,0.0002491,0.0,0.0062214,0.0017667
Validation|LLDeep_0047,0.0010653,0.0,0.0056383,0.131053,0.0,0.0,0.0002921,0.0114042,0.0,0.0631647,0.0029446,0.0129644,0.0207234,0.0,0.0,0.0974538,0.0,0.0005602,4.81e-05,0.007437,0.0,0.0009723,0.0504008,0.0001404,0.0,0.0,6.6e-05,0.0056214,0.0196269,0.0002238,0.0002356,0.049142,0.0098807,0.0004073,0.0,0.0160361,0.0,0.0061957,0.0022062,0.0005435,0.0001975,0.0002953,0.0,0.0043427,0.0
Validation|LLDeep_0052,0.0016633,0.0,0.0009677,0.0192863,0.0,0.0,0.0052357,0.0029034,0.0,1.8e-06,0.0001774,0.0383388,0.0,0.0,0.0,0.0697398,1.02e-05,0.0,0.0,0.0030903,0.0,0.0330106,0.148167,0.0005734,0.0,0.0,0.0,0.038459,0.0631629,0.0004183,0.0006292,8.51e-05,0.0493248,0.0001397,0.0,0.0398225,0.0,0.0050535,0.0225498,0.0008275,0.001821,1.03e-05,0.0049221,0.0136909,0.0053963
